CGPA,DSA_Score,Aptitude_Score,Communication,Attendance,Internship_Count,Project_Count,Hackathons,Certifications,Backlogs
-1.5316197532091964,0.2421353224995651,-0.3456350198486442,-0.03579061019816118,-0.3551319750033222,-1.4039601949823475,1.470359769541808,-0.41205052623478006,1.3496364485745396,-0.5915724611992546
-0.4325399454240015,1.2112056611268596,-1.3290353956810081,1.5527981120031247,-0.09873593086979894,1.3161241383840576,0.902790256570302,1.357830928733403,-0.45740816876375623,0.9639179873115217
0.9336162813416384,0.8829594858636864,-0.672676474210849,1.6060528328291346,-1.3073676751658387,-0.49726541719354583,-1.3674877953157223,-0.41205052623478006,-1.360930477432904,-0.9026705509014097
-1.6672783265507936,-0.8488936152914772,-1.1222571557087575,0.7140237331312969,-0.8730313444634615,0.40942936059525586,-0.2323487693727102,1.357830928733403,-0.45740816876375623,1.275016077013677
-0.9554440540507172,-1.0677748524710946,-1.0737674472721441,-0.6444820590003836,1.3471731127889863,1.3161241383840576,1.470359769541808,-1.2969912537188715,-1.360930477432904,0.03062371820505596
-1.0649299582360305,0.08288733018620746,0.6039395467788979,1.5978010464083516,-1.2999394339365924,1.3161241383840576,1.470359769541808,-0.41205052623478006,-1.360930477432904,-0.28047437149709925
0.196077797598729,-0.4445916404096776,-0.7643706108273479,0.6216558493843575,1.5132265886394192,0.40942936059525586,-0.7999182823442162,0.4728902012493114,1.3496364485745396,-0.9026705509014097
-0.6555489908459851,1.4537403118635022,-0.33750055588195066,-0.3912598365141366,-0.948608763828806,1.3161241383840576,0.902790256570302,-1.2969912537188715,1.3496364485745396,0.9639179873115217
0.46852841857469946,1.4984180946202736,-1.6059136764323385,-1.6584849697365942,-1.6014054115006353,-1.4039601949823475,1.470359769541808,-1.2969912537188715,0.4461141399053917,1.586114166715832
0.604081463725868,0.5842534048964998,-0.12796811980090214,-0.3239013179213808,-0.9514961807072225,-1.4039601949823475,0.902790256570302,0.4728902012493114,0.4461141399053917,0.6528198976093664
-1.4133864003278165,1.327976250983203,-0.029631442443157276,-0.6408940944619946,-1.1647102077647513,0.40942936059525586,-1.3674877953157223,1.357830928733403,1.3496364485745396,-1.213768640603565
-1.4325809222658954,1.2700625281171145,-1.3234686441144752,-0.0816977479191523,0.4596830703004999,-0.49726541719354583,-0.2323487693727102,1.357830928733403,1.3496364485745396,0.6528198976093664
1.4953980254040538,-1.1566651743819463,0.2637906607001419,-1.2550818642504629,-0.12583587886125774,-0.49726541719354583,-0.2323487693727102,-0.41205052623478006,-0.45740816876375623,-0.9026705509014097
0.24623258010296017,-0.34174108220423005,1.656450463831965,-0.31341803068317414,1.4516296775577235,1.3161241383840576,1.470359769541808,-1.2969912537188715,1.3496364485745396,1.586114166715832
-1.6057733597280628,-1.3428318280027518,-0.23177443073966528,-1.1468624097324416,-0.019195595054485603,1.3161241383840576,-1.3674877953157223,0.4728902012493114,-0.45740816876375623,-0.9026705509014097
-1.2481412860656005,-1.6070555176938484,1.2614505279536332,-1.5708961802959975,0.28562268138418595,0.40942936059525586,0.902790256570302,1.357830928733403,0.4461141399053917,-1.213768640603565
-0.0049304216589560815,0.5418451181668181,0.951765910507135,1.1917546591241763,0.473339382155259,-0.49726541719354583,0.902790256570302,-0.41205052623478006,-1.360930477432904,0.9639179873115217
1.5749783818849479,1.3955309204544688,-0.35401703990465144,-1.6694947068341108,-0.5137546397915508,-0.49726541719354583,-0.7999182823442162,-1.2969912537188715,0.4461141399053917,1.275016077013677
1.6488100232483598,1.561985569320324,1.1195317063428272,0.15031203706862106,0.6670495382175594,0.40942936059525586,-0.7999182823442162,-0.41205052623478006,-1.360930477432904,-1.213768640603565
0.02210241932797755,-1.636580027485108,1.4289818532929646,1.5279496943338469,-1.0666926767865308,0.40942936059525586,1.470359769541808,-1.2969912537188715,-0.45740816876375623,-0.5915724611992546
-1.2895537438202602,1.5802905253350803,0.48758532661884746,0.45020742555062726,-1.6231675537999046,0.40942936059525586,-0.7999182823442162,0.4728902012493114,0.4461141399053917,-1.5248667303057202
0.8333278043783692,0.262104424041107,1.1607793249892666,-0.7283835040050126,1.5276171500812488,0.40942936059525586,0.3352207435987959,-0.41205052623478006,1.3496364485745396,0.6528198976093664
1.0752649461844375,1.1179167681442945,-0.8425050193449451,0.8156548066285264,0.02570038143643859,-1.4039601949823475,1.470359769541808,-0.41205052623478006,-0.45740816876375623,-0.28047437149709925
1.4887583625131002,-0.9865384297618769,-0.812115793086679,0.2008004971073389,0.3811917298282208,-0.49726541719354583,-0.2323487693727102,-1.2969912537188715,-1.360930477432904,-1.213768640603565
-1.3961149527594334,-0.501142621916308,1.0022470428828174,0.9407607447696413,0.8351137366573044,-0.49726541719354583,0.3352207435987959,1.357830928733403,0.4461141399053917,-0.28047437149709925
-1.5308797778769487,-1.4089988895301322,-1.361425423936554,0.026176062188373976,1.4954559241691534,-0.49726541719354583,-1.3674877953157223,0.4728902012493114,-0.45740816876375623,-0.9026705509014097
-1.095455829789444,-0.8052901538821603,-0.6298905790293688,0.4853769288074596,0.9749506225664241,-1.4039601949823475,0.3352207435987959,1.357830928733403,0.4461141399053917,-1.5248667303057202
0.3273799125146886,0.7727485711100696,1.3173627026883572,-0.8846172831504724,-0.7679719845518584,1.3161241383840576,-1.3674877953157223,1.357830928733403,0.4461141399053917,-0.5915724611992546
-0.5049278743182001,-1.3961367555505073,-1.4334929803565548,0.9490974214327015,1.7262706437070905,-1.4039601949823475,-1.3674877953157223,1.357830928733403,-0.45740816876375623,-1.5248667303057202
-0.9269102121437942,-1.576681654999335,-1.6559749242531843,0.8306760371610118,-0.4633960287336742,-0.49726541719354583,0.3352207435987959,1.357830928733403,-1.360930477432904,1.275016077013677
-1.230391782714809,-0.5318734614266819,-0.7062664648710104,-0.22447233117023993,-0.8397150925702155,-1.4039601949823475,1.470359769541808,0.4728902012493114,0.4461141399053917,-0.5915724611992546
-1.1763447408318437,-1.5042450282880782,1.3459150341759551,-0.6751960035851537,-0.8056876678855631,-1.4039601949823475,-0.2323487693727102,-1.2969912537188715,-1.360930477432904,0.9639179873115217
-0.5393098156535159,-0.46358809448417515,-1.5837461849987686,-1.2255088830950593,1.3983815489982048,1.3161241383840576,-0.2323487693727102,-0.41205052623478006,0.4461141399053917,-1.213768640603565
-0.43417277384372777,0.4534718128444171,0.40689413257107854,0.4980063285826838,1.7244569836525494,0.40942936059525586,1.470359769541808,1.357830928733403,1.3496364485745396,0.03062371820505596
-1.4218270717879888,-1.3511841676301306,0.4823109237374164,-0.7455378770391063,0.5955324305469081,0.40942936059525586,-0.7999182823442162,1.357830928733403,-0.45740816876375623,0.9639179873115217
0.5838464631263359,-0.42874673505542316,-0.48217328328523024,0.032949867960165274,-0.28852512764532007,-1.4039601949823475,-0.2323487693727102,-0.41205052623478006,-1.360930477432904,-1.213768640603565
1.1146646455409375,0.10210731980958591,1.4747605139293085,0.42668528932348354,-0.26071501577489997,-1.4039601949823475,-1.3674877953157223,1.357830928733403,0.4461141399053917,0.03062371820505596
1.2148919683425978,1.6567439290951422,1.6044668418555157,-1.4654812065181544,-0.9132258442423152,1.3161241383840576,0.3352207435987959,-0.41205052623478006,0.4461141399053917,0.6528198976093664
-0.8536581687762949,1.6695009694123022,0.33287263016290153,-1.6648010140758454,-0.2817224788112423,1.3161241383840576,-0.2323487693727102,0.4728902012493114,0.4461141399053917,-1.213768640603565
0.8401890184597045,1.5817044256147406,0.35608123991453333,0.48970349949886255,-0.044202939393414756,-0.49726541719354583,-0.7999182823442162,1.357830928733403,-1.360930477432904,0.03062371820505596
0.8187410910932215,-1.362078120091359,-0.6509173221643663,-0.138792091718709,-0.7888795990653047,-1.4039601949823475,-1.3674877953157223,-0.41205052623478006,-0.45740816876375623,-1.213768640603565
-0.848962220679531,0.6415687303745807,0.8200184546523986,0.29041553390056607,0.8824768914574409,-1.4039601949823475,-0.2323487693727102,-1.2969912537188715,-0.45740816876375623,-0.28047437149709925
0.17967660685310433,-0.1948178822119162,0.7521296883086949,0.739295562639974,-0.6237252757326918,-0.49726541719354583,-1.3674877953157223,-0.41205052623478006,1.3496364485745396,-0.9026705509014097
-0.3450612562879944,1.244444259333118,-1.1195666836325362,0.9864353728691597,-0.5201211797417191,-1.4039601949823475,-0.7999182823442162,0.4728902012493114,-0.45740816876375623,0.6528198976093664
0.4496392629077044,0.6881421340916909,0.1263173473609771,0.22616288363408832,-0.43941005537121186,1.3161241383840576,-1.3674877953157223,1.357830928733403,-1.360930477432904,1.275016077013677
0.042671317433667234,1.706015496087455,0.8245660574430802,1.344048099866442,1.182057247321244,1.3161241383840576,-1.3674877953157223,1.357830928733403,1.3496364485745396,0.9639179873115217
-0.5956323686846304,0.2952071766472465,-1.4254757664199815,0.7706566931327721,0.06588935625421849,1.3161241383840576,-0.7999182823442162,1.357830928733403,-1.360930477432904,0.3417218079072112
-1.1575064502274255,0.8361705875500346,0.07975988151048846,0.3660798212009214,1.1812078751315043,0.40942936059525586,-1.3674877953157223,-0.41205052623478006,0.4461141399053917,1.275016077013677
-0.48166670869842854,-0.3497316327261828,0.9677071620205699,-0.6945882699301809,1.1011707096451144,-1.4039601949823475,-0.7999182823442162,1.357830928733403,-1.360930477432904,-1.213768640603565
0.31114953475222273,-0.9111910978785005,1.7271087631127497,-0.32669645403218045,-0.2467190403994228,1.3161241383840576,0.3352207435987959,0.4728902012493114,1.3496364485745396,0.9639179873115217
0.9238619575101438,-0.4208868029800124,-0.40263701287501,-0.9336895232551157,-0.8324712676345218,0.40942936059525586,0.3352207435987959,-0.41205052623478006,-1.360930477432904,-0.28047437149709925
1.0611772986551218,0.20932695219061792,-1.1636401120816757,0.31401947419342346,-1.1865487543426434,1.3161241383840576,-0.7999182823442162,0.4728902012493114,0.4461141399053917,1.586114166715832
-0.29076873824990374,0.30212393089067746,-1.1752272626425722,1.656686056727751,-1.1003738406429957,-1.4039601949823475,1.470359769541808,1.357830928733403,0.4461141399053917,1.275016077013677
-1.2122962981512981,-0.7270254921777789,1.132594016629497,0.5967619943410737,0.3739273531004769,1.3161241383840576,-1.3674877953157223,0.4728902012493114,1.3496364485745396,0.03062371820505596
0.24341446819533358,0.5676868531508557,-0.21456343683203707,1.5544987732872617,1.166519998008415,-1.4039601949823475,-0.7999182823442162,-1.2969912537188715,-1.360930477432904,-1.5248667303057202
0.2860161869677432,0.6932042486291867,-0.43556958803122,-0.48968364839202866,-1.3763704162535433,-1.4039601949823475,-1.3674877953157223,-1.2969912537188715,-1.360930477432904,-1.213768640603565
-0.35890104149470914,-1.086083382798405,-0.1391546148206159,0.8374750107145021,-0.26787316861223226,0.40942936059525586,-1.3674877953157223,1.357830928733403,-1.360930477432904,1.275016077013677
-1.5985212806619222,-1.6681561973965684,1.6271185015703753,1.6552956589467127,-0.411586071511071,-0.49726541719354583,1.470359769541808,-0.41205052623478006,0.4461141399053917,-0.28047437149709925
0.587039054630024,0.552544572750366,-1.6529139202335605,-1.6856789582758163,1.03660806555105,0.40942936059525586,1.470359769541808,1.357830928733403,-1.360930477432904,1.275016077013677
-0.6927752416044907,-0.7188348435352566,0.8007953358919327,-0.6315421605035973,-1.1202241977886795,0.40942936059525586,0.902790256570302,0.4728902012493114,0.4461141399053917,0.3417218079072112
-0.27457940962044786,-1.230758386481749,-0.6617861520664947,0.6103419084792822,0.43229144697860494,1.3161241383840576,-1.3674877953157223,0.4728902012493114,-0.45740816876375623,-0.28047437149709925
-0.35669684455270795,1.2103962176162266,1.6458436198771087,0.6454053235136862,0.44655187825258486,-1.4039601949823475,-1.3674877953157223,-1.2969912537188715,1.3496364485745396,0.3417218079072112
-0.11824497255209417,1.0582113593801354,-0.7283967388168069,-1.1955301751190004,-0.5162426613714127,0.40942936059525586,-0.2323487693727102,-1.2969912537188715,-1.360930477432904,0.03062371820505596
-1.5629796385087495,-0.09516960318073692,-0.12061313722831932,-1.650301992548759,0.3371122005163496,-1.4039601949823475,-0.2323487693727102,1.357830928733403,-1.360930477432904,0.6528198976093664
-0.7165884242407702,1.7179452684848215,0.8024742377828205,-0.02215182455859672,-1.595488879464689,0.40942936059525586,1.470359769541808,-1.2969912537188715,-1.360930477432904,1.275016077013677
-1.0611589778424555,-0.6187330106390281,0.7231097254280792,-0.7342400560276482,-0.49648817708480286,-1.4039601949823475,1.470359769541808,-0.41205052623478006,-0.45740816876375623,-0.28047437149709925
-0.7360726918145214,-0.5366258786883343,-1.282596465279855,1.6047810812144354,-0.9165023087832106,1.3161241383840576,0.3352207435987959,-1.2969912537188715,1.3496364485745396,-1.213768640603565
1.1838552185747186,-1.5956545518173801,-0.39805006276306926,-0.6393794540607405,-1.6552904325076208,1.3161241383840576,0.3352207435987959,1.357830928733403,-0.45740816876375623,0.3417218079072112
-0.11182908080614383,0.41027007337843263,-1.6964428632295083,-1.289142968052004,-0.4823473037340697,-1.4039601949823475,-0.7999182823442162,-0.41205052623478006,-1.360930477432904,1.275016077013677
1.2764999444551164,-0.028471898808255597,-1.3782777587122,1.449876542141962,-0.769230625550548,1.3161241383840576,-1.3674877953157223,-1.2969912537188715,-0.45740816876375623,0.6528198976093664
-0.5927646003453694,-0.7705235107787376,1.3605080377836907,1.1512626378782895,0.878345974164706,-0.49726541719354583,-0.7999182823442162,-1.2969912537188715,1.3496364485745396,-0.28047437149709925
1.4550856440017004,-1.6869844504538118,-1.2707718895098048,1.3002274390543564,-0.3437797249095491,-1.4039601949823475,-1.3674877953157223,-0.41205052623478006,0.4461141399053917,1.586114166715832
1.5899862582999962,1.048611942948564,0.4806439355592797,-1.1844123836369327,0.2138063413246791,-1.4039601949823475,-1.3674877953157223,-0.41205052623478006,1.3496364485745396,0.3417218079072112
0.37441322431047797,-1.2393102765030717,-1.6620823412594943,-1.449775949001939,-0.7716088765504693,-0.49726541719354583,-1.3674877953157223,-1.2969912537188715,0.4461141399053917,0.9639179873115217
-1.172095918548081,-0.4897325041989246,-1.6881669514761248,-0.19043863077683415,0.2720477283482389,-1.4039601949823475,0.902790256570302,-0.41205052623478006,1.3496364485745396,0.3417218079072112
0.8353725435274353,-0.638790498173123,1.0810404109331242,1.5511841035496814,-1.531771381297674,-0.49726541719354583,0.902790256570302,1.357830928733403,0.4461141399053917,1.586114166715832
0.01341100252850578,1.4024130646314805,-0.8236127726359306,-0.31551077044513803,-1.0081947824412079,-1.4039601949823475,-0.7999182823442162,0.4728902012493114,1.3496364485745396,-0.9026705509014097
-1.0542384027182574,1.5700784432441794,0.6929652596459207,-0.07723682420520242,-1.6865235128175033,0.40942936059525586,-1.3674877953157223,-0.41205052623478006,-1.360930477432904,0.03062371820505596
-1.3088072243419206,0.6600438790014749,1.2328708842694578,-1.3667266623237688,-1.5998978938780268,0.40942936059525586,0.3352207435987959,0.4728902012493114,1.3496364485745396,-0.5915724611992546
1.5702265021016408,1.2988403608860413,1.3616254991172019,-0.2289140206870157,0.33820763009422417,-1.4039601949823475,-0.2323487693727102,-0.41205052623478006,-1.360930477432904,-1.213768640603565
-1.36539516390092,0.47397241126502904,-0.7774152324067922,1.0578134025866464,1.188784379657231,0.40942936059525586,-1.3674877953157223,-0.41205052623478006,0.4461141399053917,-1.213768640603565
-0.45406216764947505,1.0758086569127907,1.2620241767752642,-1.6749573777624975,-0.5078555468802941,-1.4039601949823475,-0.7999182823442162,1.357830928733403,0.4461141399053917,-1.213768640603565
-0.22549116870463654,-1.5235973682616974,0.21469653110112114,-1.6103211831966535,0.7707513791309026,-1.4039601949823475,-0.2323487693727102,1.357830928733403,0.4461141399053917,0.3417218079072112
0.18625405134147366,1.7023468183792558,-0.15656777401417954,-1.0130092402704571,-0.39683540399407724,-0.49726541719354583,1.470359769541808,-0.41205052623478006,1.3496364485745396,0.03062371820505596
1.525615177210787,-1.5982261303562249,1.13574716171201,1.0712676816986293,-1.476930146309949,0.40942936059525586,0.3352207435987959,-0.41205052623478006,0.4461141399053917,0.03062371820505596
1.2083973900534635,1.184308743788049,-0.9602137739438279,0.6010894996080627,-1.232440256118557,1.3161241383840576,-0.2323487693727102,-1.2969912537188715,-1.360930477432904,0.03062371820505596
-1.6608930566866573,0.4797350473752998,1.107407226225296,-1.686281288888577,-1.2215009613355565,1.3161241383840576,1.470359769541808,0.4728902012493114,-0.45740816876375623,1.275016077013677
0.2687517157792824,1.557196541371273,-1.1711730355021759,-0.5568690106920363,0.30387656681388286,1.3161241383840576,-0.7999182823442162,-0.41205052623478006,-1.360930477432904,-0.9026705509014097
-1.635760072670598,-1.4326085370525383,0.2247206222834026,-1.5178705865267228,-0.5810987964790454,-1.4039601949823475,-1.3674877953157223,-0.41205052623478006,0.4461141399053917,-0.28047437149709925
1.3809073240183478,-0.2543271920259831,-0.19743405364255004,-1.027469226464786,-0.9466888852080604,-1.4039601949823475,-1.3674877953157223,-0.41205052623478006,1.3496364485745396,0.9639179873115217
0.7778281385677345,-1.1726141744648428,-0.6672726031897488,1.2744373283794521,1.124307506359187,0.40942936059525586,-1.3674877953157223,0.4728902012493114,0.4461141399053917,-1.5248667303057202
0.3874194055348659,-1.4358326415927443,-1.2386354144239233,-0.9245198987821522,-1.6694016797810773,-0.49726541719354583,0.902790256570302,-0.41205052623478006,0.4461141399053917,0.03062371820505596
0.7983087135656879,-1.358308696818572,-1.2638345493599041,1.2187914711146786,-0.3036549934048119,-0.49726541719354583,-0.2323487693727102,1.357830928733403,-0.45740816876375623,-1.5248667303057202
0.3821427757980871,1.0660581238903557,-0.1079008076873506,-1.1665459943056726,0.06877538551593645,1.3161241383840576,-1.3674877953157223,1.357830928733403,0.4461141399053917,-0.9026705509014097
-1.5813599256577817,1.5502723195633359,-1.3833631218907831,0.10875393447956992,-1.413553826871917,-0.49726541719354583,0.902790256570302,0.4728902012493114,-0.45740816876375623,-1.5248667303057202
-0.6898805860186317,1.3147737837528608,-0.7326868793397973,-0.998559495256086,-0.13846651706951627,-1.4039601949823475,0.902790256570302,-0.41205052623478006,-0.45740816876375623,0.9639179873115217
1.0668302122495774,0.3996163823248495,-1.521539664925433,1.1128887682840667,-1.0807699154259618,-0.49726541719354583,-1.3674877953157223,-0.41205052623478006,0.4461141399053917,1.586114166715832
0.48537990232189077,0.8925004653333749,1.522574065059601,-0.717921381290612,0.4444316777210207,0.40942936059525586,-0.2323487693727102,-1.2969912537188715,1.3496364485745396,-1.213768640603565
-0.7057460586455088,0.33024830016452145,-1.1992129139637007,-1.5020093292320773,0.7845222723721819,-0.49726541719354583,-0.2323487693727102,-1.2969912537188715,-1.360930477432904,0.3417218079072112
1.279264104842153,1.5132196291328832,-0.04600281458982442,1.0102874474541328,1.25659150938444,0.40942936059525586,-1.3674877953157223,-0.41205052623478006,0.4461141399053917,0.03062371820505596
-1.3199733359889345,-1.4171614244672457,0.18593499159356056,-0.3153691907428035,1.0637774830614308,0.40942936059525586,0.3352207435987959,-0.41205052623478006,-0.45740816876375623,1.275016077013677
1.0509551637413403,0.13399728899594204,0.42127487753456416,-1.6856250031450137,-0.6423583937260109,0.40942936059525586,-0.7999182823442162,-0.41205052623478006,-0.45740816876375623,0.3417218079072112
1.4848456118905924,-1.5045382108962646,1.4337084520552088,-0.7856491287991386,1.5561158323612898,1.3161241383840576,-0.2323487693727102,0.4728902012493114,1.3496364485745396,-0.9026705509014097
0.9810306459402436,1.5567887455512273,0.3582452645492541,-0.34965508248314026,0.7570211047867313,-1.4039601949823475,0.902790256570302,0.4728902012493114,-0.45740816876375623,0.6528198976093664
-1.5463410511824114,0.7334728210326428,-0.4034131901115878,1.279405204091474,0.2514658990691618,-1.4039601949823475,-1.3674877953157223,1.357830928733403,0.4461141399053917,-1.5248667303057202
1.1744958405457864,-1.1315530586211913,1.217639634126674,-0.8219907651404549,0.16957477256005457,-0.49726541719354583,0.902790256570302,0.4728902012493114,-1.360930477432904,0.6528198976093664
-0.8732884104472701,-0.5874603220778168,1.5406643613551565,1.6081773063389706,-1.345049070090913,1.3161241383840576,-1.3674877953157223,0.4728902012493114,1.3496364485745396,-0.28047437149709925
-0.7750120189717726,-1.0144123762760324,-1.4537833421340653,-1.4846633943084193,1.5113160493495756,-1.4039601949823475,1.470359769541808,0.4728902012493114,-0.45740816876375623,-1.213768640603565
-0.9773020583368766,0.042720581064277986,0.15516221392712315,-0.2287842478890537,-0.4560493786948497,0.40942936059525586,0.902790256570302,0.4728902012493114,-0.45740816876375623,0.6528198976093664
-0.7696451462059243,-1.1804261197823427,-1.2101434413554029,-0.7082800973940055,-1.4899191279618664,-0.49726541719354583,-0.2323487693727102,-0.41205052623478006,-0.45740816876375623,-1.5248667303057202
0.6882471455886103,-1.3307385330342043,-1.1546449109269894,0.5237608599714016,0.5951628019625108,0.40942936059525586,-0.7999182823442162,1.357830928733403,-0.45740816876375623,-0.5915724611992546
0.28913196350393466,-0.5830596803204586,0.14820457184522642,-1.4794886328376218,0.6283404402289354,-1.4039601949823475,-0.7999182823442162,-0.41205052623478006,-0.45740816876375623,-0.28047437149709925
0.42397311727111753,0.4786036167811676,-1.6936566956045596,-0.15459128594351487,-0.8994963762644395,-1.4039601949823475,-1.3674877953157223,-0.41205052623478006,-1.360930477432904,-0.5915724611992546
0.3779788508457123,0.5999750919758952,-1.7022537504640507,0.5953482769266347,1.1349269078554225,-0.49726541719354583,-0.7999182823442162,-1.2969912537188715,-1.360930477432904,-0.9026705509014097
0.2113247381082246,-0.33824188308456127,-1.2189039479855648,-0.38772321989572056,0.16117853598332404,1.3161241383840576,1.470359769541808,1.357830928733403,-1.360930477432904,-1.213768640603565
-0.7318096115255025,0.6680764858947079,0.807623065859404,1.5861438109058588,-0.14113391402436093,-0.49726541719354583,-0.2323487693727102,0.4728902012493114,-0.45740816876375623,0.6528198976093664
1.0641967949945081,0.16063073368313813,0.6959755750474835,-0.2844879134659161,1.2163430013550407,-1.4039601949823475,-0.7999182823442162,-0.41205052623478006,-0.45740816876375623,1.586114166715832
1.0894004589313904,-0.14928895016552585,0.8119237010810804,-0.3081940448752958,-0.33506861209916683,-1.4039601949823475,-0.2323487693727102,-0.41205052623478006,1.3496364485745396,-0.9026705509014097
-0.14917363921874957,0.22416071576861082,-0.11234101850975635,-1.004772164835445,0.9568547220103505,0.40942936059525586,1.470359769541808,-1.2969912537188715,-1.360930477432904,-1.213768640603565
1.6693378280004094,-1.3499298686304613,1.3046644447767552,-0.07898255671161457,-0.7367968570920266,-1.4039601949823475,1.470359769541808,-1.2969912537188715,-0.45740816876375623,-1.5248667303057202
-0.7387519354846248,0.6943211692747399,-0.5743455431718726,-1.6638238306739985,0.4837517030710796,0.40942936059525586,0.3352207435987959,1.357830928733403,1.3496364485745396,0.6528198976093664
-0.4182585301309299,-1.4623766711048911,1.0109112235541584,0.27774911578655276,-0.1955932380771281,0.40942936059525586,-1.3674877953157223,1.357830928733403,0.4461141399053917,0.3417218079072112
1.6019429220325785,1.270952283999708,-1.5827763391058243,-1.409753777712237,0.23569449702081155,-0.49726541719354583,-0.2323487693727102,-0.41205052623478006,-0.45740816876375623,-0.28047437149709925
0.311351111170842,-0.06522989838112872,-0.3543647934023315,1.4781856894651828,0.6877476509381392,0.40942936059525586,0.3352207435987959,-1.2969912537188715,0.4461141399053917,1.275016077013677
1.3121631515292576,-1.3689302957717373,0.38359379835294105,0.30746505017779663,1.401182246690833,1.3161241383840576,1.470359769541808,1.357830928733403,1.3496364485745396,0.3417218079072112
-1.1316302045981,0.1532398409823257,-1.5507731507560187,1.166209632706049,-1.2901703550176236,0.40942936059525586,-1.3674877953157223,-1.2969912537188715,-1.360930477432904,1.586114166715832
0.16212536910952857,0.025274404907316403,0.9961012512600632,-1.5185474702223556,1.2935570602281423,-1.4039601949823475,0.3352207435987959,-0.41205052623478006,0.4461141399053917,0.3417218079072112
1.3734234119760322,0.04352689345165015,-0.4667114641867815,-0.8850600843532854,0.5932744329865154,1.3161241383840576,-0.2323487693727102,-1.2969912537188715,-0.45740816876375623,0.9639179873115217
-1.1138001200879348,-1.1349188508914787,1.6748061147677118,0.5961820454415532,-0.6840715278305145,-1.4039601949823475,-0.2323487693727102,-0.41205052623478006,0.4461141399053917,-1.5248667303057202
-1.434289896261582,0.567820029840686,-0.32473203672039286,1.001234195834566,-0.03399890217442119,0.40942936059525586,0.3352207435987959,-0.41205052623478006,0.4461141399053917,-1.213768640603565
1.1069638623469984,-0.5929292423656172,-0.8593892715918865,1.5844543420150594,-0.7450862809238769,1.3161241383840576,-0.2323487693727102,-1.2969912537188715,-0.45740816876375623,-1.5248667303057202
-0.9116141244227008,-0.8151234436477107,0.4300611026950861,1.1953559580918056,-0.4318894621603027,1.3161241383840576,-0.2323487693727102,-0.41205052623478006,-1.360930477432904,0.03062371820505596
-1.2199004499460402,0.35291506586715127,1.20114773975329,0.510618692443988,0.7025853743748791,0.40942936059525586,0.3352207435987959,-1.2969912537188715,-0.45740816876375623,-1.5248667303057202
1.2661142882667398,0.12557495336338928,0.8032034858940472,0.41941846423925805,-0.833898133840823,1.3161241383840576,-1.3674877953157223,0.4728902012493114,-0.45740816876375623,-0.9026705509014097
-1.3428346074375055,-1.6053884388230117,1.6580974244238815,-0.7234898968549842,-0.4951094876103582,-0.49726541719354583,-0.7999182823442162,-1.2969912537188715,1.3496364485745396,-0.9026705509014097
0.5842770531151993,0.804062918555426,-0.6335730517623516,0.7396308918594926,-1.5133011221271921,-1.4039601949823475,-0.2323487693727102,-1.2969912537188715,0.4461141399053917,-0.5915724611992546
-0.9874871817409121,1.2090844149582,-0.7531396441674594,1.3986205961715223,-0.21951322462978723,0.40942936059525586,1.470359769541808,0.4728902012493114,-1.360930477432904,-0.5915724611992546
1.400071369832867,-1.6512908468396463,1.2005604041841664,-1.0317988417885189,0.7049645146206011,1.3161241383840576,0.3352207435987959,-1.2969912537188715,0.4461141399053917,1.275016077013677
-0.7223326871562598,-0.9986000400664498,-0.27882644324830896,-1.4121083445803744,-0.0724839135997436,-1.4039601949823475,-1.3674877953157223,1.357830928733403,0.4461141399053917,-0.5915724611992546
0.362964606604733,-0.11171143637699738,0.1554942215730606,0.35155183753897407,1.110597298042986,-1.4039601949823475,1.470359769541808,-1.2969912537188715,-0.45740816876375623,1.275016077013677
-0.8103513582658072,-1.1985417166803054,-1.4183962096621934,-0.20239730873313874,0.71359781864042,0.40942936059525586,-0.7999182823442162,1.357830928733403,-0.45740816876375623,-1.213768640603565
1.3233579137732148,-1.099928585500672,0.08807380068751805,0.7056960272666839,0.5560662558538478,-0.49726541719354583,0.902790256570302,-0.41205052623478006,0.4461141399053917,1.586114166715832
1.0608346814973089,0.921257868982495,1.2682895592142647,0.2675503379064297,0.9148484436398396,-1.4039601949823475,1.470359769541808,-1.2969912537188715,0.4461141399053917,-1.5248667303057202
-0.09163797327400343,1.5945538772049959,-0.009143650233029143,0.7383537766895228,-1.6828533461470767,1.3161241383840576,0.3352207435987959,-0.41205052623478006,-1.360930477432904,-0.9026705509014097
1.1588800448191423,-0.8242860494072559,1.5990513794756895,0.3693546928888496,-1.6160658792964542,-1.4039601949823475,1.470359769541808,-0.41205052623478006,-1.360930477432904,-1.213768640603565
-0.30314627230406177,-1.3964664319926892,1.3590848027924594,0.5059470935255908,-1.4117004053966233,0.40942936059525586,0.3352207435987959,-0.41205052623478006,-1.360930477432904,-1.213768640603565
-0.721472531598889,0.9952045520548636,0.0564269013300422,0.6076084428736546,-1.4633493235101263,1.3161241383840576,-0.7999182823442162,-1.2969912537188715,0.4461141399053917,0.3417218079072112
-0.8656414283920192,-1.4597837472174195,0.0710930958730262,1.1707129915744505,-0.22907456673474633,1.3161241383840576,-0.7999182823442162,-1.2969912537188715,1.3496364485745396,-1.213768640603565
1.3735292432708488,-0.7659563768831403,-1.5011844777294368,-0.07704208668155466,1.4884951564128608,1.3161241383840576,0.902790256570302,-1.2969912537188715,0.4461141399053917,0.6528198976093664
-0.45622462384033224,-1.3055479822813423,-0.4474628071892085,0.8737365302240736,0.3519749156258894,-1.4039601949823475,-1.3674877953157223,0.4728902012493114,0.4461141399053917,1.586114166715832
-0.8603053222029149,-0.07158618768996564,0.11893503496696067,1.5980108133952589,0.4290276517105295,-0.49726541719354583,-1.3674877953157223,-1.2969912537188715,1.3496364485745396,1.275016077013677
0.3458758689099688,-0.1525024543800416,-0.9145649619687082,1.6803834523661512,-0.19203873109368905,1.3161241383840576,0.902790256570302,1.357830928733403,-0.45740816876375623,-0.9026705509014097
-1.5274886859032515,-0.14773028605358893,-0.1595938350081499,1.3378202484706632,-0.9389392161219097,-0.49726541719354583,1.470359769541808,-1.2969912537188715,1.3496364485745396,1.275016077013677
0.11282509523641378,0.5953068726684718,1.2408454192895417,-1.3682078208907018,-0.3800975007788909,1.3161241383840576,1.470359769541808,0.4728902012493114,-0.45740816876375623,1.586114166715832
1.091436246214811,-0.07506278880368722,-1.2019240238100677,-1.562338311639537,-1.566848059340952,-0.49726541719354583,-1.3674877953157223,1.357830928733403,1.3496364485745396,-1.213768640603565
-1.3544887868721411,-0.45867249938279625,-1.1978498740859127,-0.5464113002770141,1.601259140183946,-1.4039601949823475,0.902790256570302,-0.41205052623478006,-0.45740816876375623,0.9639179873115217
0.8879757897827916,-1.5505835010700677,-0.028979906842506956,-0.6867665810920366,-0.38633969935580204,1.3161241383840576,1.470359769541808,-0.41205052623478006,-0.45740816876375623,-0.9026705509014097
1.5262760231871348,-1.1467511780252182,1.4296190933539303,0.5751999214223756,-0.41475721455406084,0.40942936059525586,1.470359769541808,0.4728902012493114,0.4461141399053917,0.3417218079072112
0.29560158037489476,1.7182477071589655,-1.1475175430888622,1.4251000685125315,-0.9776375084597785,1.3161241383840576,-1.3674877953157223,-0.41205052623478006,1.3496364485745396,0.9639179873115217
1.6817400461702614,-0.9223271886072105,0.22156910546126415,-1.4470030434940486,-0.16619273543674248,1.3161241383840576,0.3352207435987959,-0.41205052623478006,-0.45740816876375623,0.3417218079072112
-0.7886599244443838,1.5555850138349856,0.5147938658471349,-0.4194325470371247,1.1784911702947036,-0.49726541719354583,0.3352207435987959,-0.41205052623478006,-1.360930477432904,0.9639179873115217
-0.4101067174164812,0.6180438044952177,-0.8943608994849525,0.06668085229872714,0.6506366956448632,-0.49726541719354583,0.902790256570302,1.357830928733403,-0.45740816876375623,1.586114166715832
-0.49916780419336093,1.6930523931892416,-0.8350532497405624,-0.24276034876988345,1.0251330263066005,-0.49726541719354583,-1.3674877953157223,1.357830928733403,-0.45740816876375623,0.9639179873115217
-0.19311646222230108,-0.33681958778528703,0.8176645137364473,0.7892702214816534,-1.7025743819395105,-0.49726541719354583,0.902790256570302,-0.41205052623478006,1.3496364485745396,-1.5248667303057202
0.1584321363669359,0.8606239763956529,-0.3914526120835901,-0.17753144726669073,-0.2630033810988969,1.3161241383840576,-0.2323487693727102,-0.41205052623478006,-0.45740816876375623,-1.5248667303057202
-1.647769815658005,-0.16959161580918167,0.9775717424209659,-1.1608848756468795,-0.7207537976882457,-0.49726541719354583,1.470359769541808,-1.2969912537188715,1.3496364485745396,1.275016077013677
1.3455917465143488,-1.2395422062129022,-1.477774260967579,-0.008980349576593064,1.2051906499096985,1.3161241383840576,0.3352207435987959,0.4728902012493114,-0.45740816876375623,-1.213768640603565
-0.9000816436430268,1.6201813251173447,1.5525848322718685,-0.7923634387518921,-1.359546096904305,-0.49726541719354583,0.902790256570302,-1.2969912537188715,0.4461141399053917,0.6528198976093664
-1.5105056096653293,1.311964300027992,0.9203519257429179,-0.3170117214767275,-0.6239018606317084,1.3161241383840576,-1.3674877953157223,-0.41205052623478006,-0.45740816876375623,-0.28047437149709925
0.48831472426890304,-1.2670582926657972,-0.3006021352156171,-1.6897941547830604,1.1277272032516168,-0.49726541719354583,0.3352207435987959,-1.2969912537188715,0.4461141399053917,-0.9026705509014097
0.18794200450217413,-1.4120442664581034,0.32069429064877086,-1.4908787214512085,1.646772497074665,-0.49726541719354583,-1.3674877953157223,0.4728902012493114,-0.45740816876375623,1.586114166715832
-0.5002737702874771,0.8246389887935348,-0.08670897349138074,1.2282546418359699,-0.0073917146541543,0.40942936059525586,1.470359769541808,-0.41205052623478006,-0.45740816876375623,1.275016077013677
-0.4158525093606915,-0.267633115725374,0.48826589689347843,-1.666235790876835,-0.7507023941972525,1.3161241383840576,1.470359769541808,-1.2969912537188715,-1.360930477432904,-1.213768640603565
-0.02090861040513686,-1.2958005698431856,0.8777817142274629,-1.1427251029877308,-0.18141915911152337,-0.49726541719354583,-0.7999182823442162,1.357830928733403,-1.360930477432904,-1.213768640603565
-1.379422452217696,-0.7137989794451798,-1.2060991555350233,-0.33156664862934576,1.5296366337628573,-1.4039601949823475,-0.2323487693727102,-0.41205052623478006,-1.360930477432904,-0.28047437149709925
1.647554657816126,0.541196359922369,0.3685071655477177,-1.4002041016695372,0.40252291447077876,0.40942936059525586,-1.3674877953157223,0.4728902012493114,1.3496364485745396,0.6528198976093664
-1.622829968796765,1.6833892136875261,1.1691780812065287,-0.772248497477199,0.14830273959684576,1.3161241383840576,0.3352207435987959,0.4728902012493114,-0.45740816876375623,-0.28047437149709925
-1.0722639500657083,1.5215550854579838,0.7591638016548162,-0.8655771822176926,-0.3263618237968024,-1.4039601949823475,0.902790256570302,-1.2969912537188715,0.4461141399053917,-0.28047437149709925
-0.16267315944645536,-1.4632368255946626,-1.075902781871012,1.5572444586837013,0.8917453960026236,-0.49726541719354583,0.902790256570302,-0.41205052623478006,-0.45740816876375623,-0.28047437149709925
-0.5740240908387179,-0.8195890151619241,-0.6698259072195821,1.092755389740524,1.14208958649201,0.40942936059525586,-0.2323487693727102,1.357830928733403,0.4461141399053917,-1.213768640603565
-1.2930290997013383,-0.9447678130370839,0.6926720649012881,1.0139587979125115,1.021562597507961,-1.4039601949823475,0.3352207435987959,1.357830928733403,-0.45740816876375623,1.275016077013677
1.5226063204439721,1.3010940102193527,1.1878001093506314,-1.6301338186112646,1.5037574377566905,1.3161241383840576,-0.7999182823442162,-1.2969912537188715,1.3496364485745396,0.9639179873115217
0.3675924786715334,-0.9356543794360956,0.9059727119034955,0.3563275915208058,0.08355576524782109,-1.4039601949823475,-1.3674877953157223,-0.41205052623478006,1.3496364485745396,0.9639179873115217
-1.665722887967401,0.5161565167789043,1.2958771876199258,1.4101991599979589,0.7869536595918455,0.40942936059525586,0.3352207435987959,0.4728902012493114,-1.360930477432904,-0.28047437149709925
-0.13663704907625576,-0.5530900144402687,1.1974216703048512,0.4525267852314359,-1.508571350189775,-1.4039601949823475,-0.2323487693727102,-0.41205052623478006,-0.45740816876375623,-1.5248667303057202
-0.3733403494472536,1.145549758846166,-1.3166046879923594,-1.2102873554444313,-0.6492636323403935,-1.4039601949823475,1.470359769541808,1.357830928733403,-1.360930477432904,0.9639179873115217
-1.1412488802886342,-0.01893142799811896,-1.3860896527995028,-1.501211553200213,-1.5658433214536374,-0.49726541719354583,-0.7999182823442162,-1.2969912537188715,1.3496364485745396,0.03062371820505596
-0.26718592161182747,-0.42303581224791087,0.5092926192628222,-0.8688646381189552,1.6284647386774975,-1.4039601949823475,-0.7999182823442162,-1.2969912537188715,1.3496364485745396,-1.213768640603565
1.4556547754956783,0.44743994176987073,0.9916879899391857,-0.17531159405697677,0.7363977628546023,-0.49726541719354583,0.902790256570302,1.357830928733403,1.3496364485745396,-0.9026705509014097
-0.022264330454068747,-0.46961324627032935,0.6898825827453754,0.7027575112268146,0.5582048220611047,0.40942936059525586,1.470359769541808,1.357830928733403,-1.360930477432904,1.586114166715832
1.5150499546007543,0.7709301132943934,0.6698615770967429,0.9970500012397762,1.2941132822442214,1.3161241383840576,-1.3674877953157223,-1.2969912537188715,-1.360930477432904,-0.5915724611992546
-1.283069416481644,0.3014348546110214,0.1716562311166288,-1.1142950974748451,1.4316014947876092,1.3161241383840576,-1.3674877953157223,1.357830928733403,-1.360930477432904,0.6528198976093664
-1.489970545887213,-0.2602024742148249,-0.2696294451562883,-0.6107658834724939,-0.8448826715109665,0.40942936059525586,-0.7999182823442162,1.357830928733403,0.4461141399053917,0.9639179873115217
-1.6283487481640426,1.5298413555268262,1.006514848834075,1.3987029141473262,0.34559587892379606,-0.49726541719354583,0.902790256570302,-0.41205052623478006,1.3496364485745396,-0.28047437149709925
0.27874255173841056,-0.10869601051235643,-1.601000353133181,-1.3664192189322455,1.1640597308248204,0.40942936059525586,0.3352207435987959,-1.2969912537188715,0.4461141399053917,0.9639179873115217
0.12627716744763648,1.5277037912227436,0.1284366334353008,0.9154043918734706,0.632152756680763,-1.4039601949823475,1.470359769541808,-1.2969912537188715,-0.45740816876375623,1.275016077013677
-1.5597890293331305,-1.675100658603111,-0.05166432809154055,-0.040157295250189094,0.7626830163660425,-0.49726541719354583,0.3352207435987959,-1.2969912537188715,-1.360930477432904,0.6528198976093664
1.1210207068548688,0.528186451246991,-0.7716282901115744,0.8231774850238703,0.8039245335702111,-1.4039601949823475,-0.2323487693727102,1.357830928733403,0.4461141399053917,-1.5248667303057202
1.1470586469438475,1.6649698763281933,1.7002785645412397,-0.44135858284487434,-0.42178127696340567,0.40942936059525586,0.3352207435987959,-1.2969912537188715,0.4461141399053917,1.275016077013677
1.2388530232018355,-0.20531406148988576,-1.4817889467989784,1.5315071602268147,-0.9078736637923835,-0.49726541719354583,0.902790256570302,-0.41205052623478006,0.4461141399053917,0.03062371820505596
0.4194219049036759,0.9855083461772549,-0.49058406934658416,0.9444393421622432,-1.0274850804331466,0.40942936059525586,-1.3674877953157223,0.4728902012493114,0.4461141399053917,0.3417218079072112
-0.12217529975775178,-1.6960640739397563,-0.6791686301669789,1.5305180507839788,-0.09737987088013107,-0.49726541719354583,-0.7999182823442162,-1.2969912537188715,0.4461141399053917,1.586114166715832
0.2558935831659292,-0.031231489723276874,1.1416264742490767,0.8025833332562484,1.7062061494780325,-0.49726541719354583,0.902790256570302,1.357830928733403,-1.360930477432904,1.586114166715832
-1.5290010192237002,0.6520594292973675,0.6282655309855759,1.5245895587214622,-0.9039975672149396,0.40942936059525586,1.470359769541808,-1.2969912537188715,-1.360930477432904,1.586114166715832
-0.23545806122144636,1.6407817219722363,-1.488668258679584,0.4230314569111496,0.19872622006535162,0.40942936059525586,-0.7999182823442162,1.357830928733403,-1.360930477432904,-1.213768640603565
0.10450669432561273,-0.8601993822992796,-1.4967036798512137,-0.8849281020405819,-1.5705672410671994,1.3161241383840576,-1.3674877953157223,0.4728902012493114,-0.45740816876375623,0.3417218079072112
0.14856753098114056,0.22413180318709416,1.2379221238275215,-1.024589353998514,-1.4670080053674943,-1.4039601949823475,-0.2323487693727102,1.357830928733403,0.4461141399053917,-1.5248667303057202
0.7249450818924081,-0.13900022072961618,0.860776895577644,-1.0325660444465627,-0.3925652935960144,-1.4039601949823475,-1.3674877953157223,1.357830928733403,-0.45740816876375623,-1.5248667303057202
-1.3699216290360963,1.0541583530959873,-1.2056798313457942,1.1113449462610892,-0.5922121754249681,1.3161241383840576,-0.2323487693727102,1.357830928733403,-1.360930477432904,1.275016077013677
-1.0230944703583562,-1.6910588607335355,-0.5633192627915085,0.0044569383131824805,0.9715891031307059,0.40942936059525586,-1.3674877953157223,0.4728902012493114,0.4461141399053917,0.9639179873115217
-0.5440876549212258,0.10660720435759434,-0.2442264286653223,-1.6675358403531628,-1.0332659920161087,0.40942936059525586,-1.3674877953157223,0.4728902012493114,0.4461141399053917,-0.5915724611992546
-0.8831466691717587,0.5640861311535081,-0.18395445569623164,0.4275201716570559,-0.825362204628022,-1.4039601949823475,1.470359769541808,1.357830928733403,-0.45740816876375623,1.275016077013677
1.5149325461239644,0.4546105163005697,0.7897644379256419,-0.4888750207296575,-1.1727027794876637,0.40942936059525586,-0.2323487693727102,0.4728902012493114,0.4461141399053917,0.03062371820505596
0.7030177114875169,-1.62528523916081,1.0239862974851537,0.11717409873359953,1.175040211498642,-0.49726541719354583,-0.2323487693727102,-1.2969912537188715,-0.45740816876375623,1.275016077013677
0.32046863380264395,0.684485651587787,-1.50719629128054,-0.2632984846876387,1.640139094962503,-1.4039601949823475,-1.3674877953157223,-1.2969912537188715,-0.45740816876375623,-1.213768640603565
-0.47366546687428956,-1.6193670211258533,-1.1242950252350592,-1.2875874410800245,-0.5556986631545966,-1.4039601949823475,-0.2323487693727102,1.357830928733403,1.3496364485745396,-0.9026705509014097
0.1962073893507389,-0.4991121509433538,-0.8499988797568416,-0.2846990117734763,-1.12839206877199,-0.49726541719354583,0.3352207435987959,1.357830928733403,0.4461141399053917,0.9639179873115217
1.4313428109666415,1.3822391914547187,0.4903948649664193,-0.3664394859902377,-1.1490224806511327,1.3161241383840576,0.3352207435987959,-0.41205052623478006,-1.360930477432904,0.03062371820505596
-0.6315409061272818,-0.8931943093324779,-0.25833603678429784,-1.641411652799075,-0.3515645596922271,0.40942936059525586,0.3352207435987959,-1.2969912537188715,0.4461141399053917,-0.9026705509014097
-1.5313606305920078,0.5661857449556755,-1.215145678134895,-1.211457519630783,-0.0359162396533265,-0.49726541719354583,-0.7999182823442162,0.4728902012493114,-1.360930477432904,-0.28047437149709925
1.2789299322898176,-0.254561022772086,1.702227925519582,0.3728631000070457,-1.0870636315955227,1.3161241383840576,0.902790256570302,-1.2969912537188715,1.3496364485745396,0.6528198976093664
-0.6009477677201231,0.7759431109346302,0.8404403018054921,-0.9177545397874464,-0.5870992248868756,-1.4039601949823475,-0.2323487693727102,-0.41205052623478006,0.4461141399053917,-1.5248667303057202
-0.4135672002264875,1.4745171391932215,0.16505759642279635,0.22268581266364879,0.3511323793739762,0.40942936059525586,-0.7999182823442162,-0.41205052623478006,0.4461141399053917,1.586114166715832
0.5623117818167598,0.7659207438115603,0.37503042772250916,1.4901593249722014,0.440143203740875,0.40942936059525586,0.3352207435987959,0.4728902012493114,1.3496364485745396,-1.213768640603565
1.5662658001343859,-0.7644728580750341,1.1546850813961838,0.5474875525613452,1.3576248922678047,1.3161241383840576,0.902790256570302,-0.41205052623478006,0.4461141399053917,-1.213768640603565
0.42945110715884,1.2891314767748039,-0.21657264315005728,0.4698313366321456,0.2357393207402724,1.3161241383840576,1.470359769541808,-0.41205052623478006,1.3496364485745396,-0.28047437149709925
-0.27176924037745354,1.3844054472657308,-1.0250145307100371,-1.71168829330363,0.7614873561563879,1.3161241383840576,-1.3674877953157223,1.357830928733403,1.3496364485745396,1.586114166715832
-0.6681654029388524,1.1591370422443756,-1.6905202684473535,0.3929838565013414,-1.1658674657547279,0.40942936059525586,0.3352207435987959,-1.2969912537188715,-1.360930477432904,-0.9026705509014097
1.0517622068789536,-0.9044891107877103,-0.9849565324755961,-0.3581870614552844,0.978661347986314,-0.49726541719354583,-0.7999182823442162,1.357830928733403,0.4461141399053917,-0.9026705509014097
-0.10137532426050658,-0.5469388229328406,0.5984793183536038,1.3843625391566703,1.493685004470558,-0.49726541719354583,-0.2323487693727102,0.4728902012493114,0.4461141399053917,0.03062371820505596
-1.632169387187991,1.353807964586722,1.5572894922581375,-1.5510789471299475,1.6744687313854276,1.3161241383840576,-1.3674877953157223,-0.41205052623478006,-1.360930477432904,0.3417218079072112
0.17164512379907543,0.49720867286829923,-0.822412038765649,1.1990460362888673,-0.7981142057508921,0.40942936059525586,1.470359769541808,-1.2969912537188715,-1.360930477432904,-0.28047437149709925
-1.276929323619203,0.5847150625464815,0.8493157489509535,0.2490640997348142,-0.8104328771971071,-0.49726541719354583,-0.2323487693727102,-1.2969912537188715,-1.360930477432904,0.03062371820505596
-1.3416563195274906,0.6832761826617851,0.5756572709799535,-1.5556659628144747,1.250490210546747,1.3161241383840576,1.470359769541808,-0.41205052623478006,-1.360930477432904,-1.5248667303057202
0.647416015350325,1.2925138148766406,1.4447168823527488,-1.538529977450868,-1.5230839273270778,-0.49726541719354583,-1.3674877953157223,1.357830928733403,1.3496364485745396,0.3417218079072112
1.1966424822078747,-1.6395367903724003,0.5214374765470242,-0.14305868622713977,-1.5210767816026634,1.3161241383840576,0.902790256570302,-0.41205052623478006,0.4461141399053917,0.3417218079072112
0.4099051328264138,0.4018568016951732,1.4157359070476578,1.5024343556423372,1.4862219541975612,1.3161241383840576,-1.3674877953157223,-1.2969912537188715,-1.360930477432904,1.275016077013677
0.06627057556315578,-0.266989220893915,0.17024513742376562,0.6137523382350196,0.3593692377081914,-1.4039601949823475,0.3352207435987959,-1.2969912537188715,1.3496364485745396,-0.28047437149709925
0.7751571675153277,0.8416725174847314,0.1804639938947067,0.004528099996635761,0.5667476912316503,-0.49726541719354583,-0.2323487693727102,1.357830928733403,-0.45740816876375623,1.275016077013677
-1.40030524428371,0.5426982046254389,0.39151896357201715,-0.34888405985136817,-1.381827595156167,0.40942936059525586,-1.3674877953157223,0.4728902012493114,-0.45740816876375623,-0.28047437149709925
0.8567507643440425,-0.7672272961063741,0.5840867988838742,-0.48919070706553486,-1.1016430322472193,1.3161241383840576,0.3352207435987959,1.357830928733403,0.4461141399053917,-1.213768640603565
-0.0008987559853822889,0.6520222668670502,-1.3284634837677207,-0.8081012862271754,-1.4690589444334896,1.3161241383840576,0.3352207435987959,-0.41205052623478006,-1.360930477432904,0.6528198976093664
0.7245911272713654,1.248983820847899,0.022285756025681225,-1.0180188684248923,1.317059399087986,-0.49726541719354583,0.3352207435987959,1.357830928733403,0.4461141399053917,0.3417218079072112
-1.0033829138289612,1.0666550881958035,0.4886492602131445,1.5547308201531846,0.6650309121822943,-0.49726541719354583,0.902790256570302,-1.2969912537188715,-0.45740816876375623,1.586114166715832
-1.312676314493815,1.055679336202879,-1.3768548801554998,-0.4833931519101609,0.3056772054226112,-1.4039601949823475,-0.2323487693727102,1.357830928733403,1.3496364485745396,-0.5915724611992546
0.6900536710019843,1.4518464449907191,-1.0507767815679772,-1.2255971574945634,0.9084408836558193,0.40942936059525586,0.902790256570302,0.4728902012493114,-0.45740816876375623,-1.213768640603565
0.024251526962467816,-1.2687045922423792,-0.22873402082619032,1.5592841509221822,0.8869242122198583,1.3161241383840576,0.3352207435987959,0.4728902012493114,1.3496364485745396,-1.5248667303057202
0.9790918841113146,1.4024285783293657,-1.233667772417295,-0.71146222197585,-1.5691464101564254,0.40942936059525586,-1.3674877953157223,0.4728902012493114,-0.45740816876375623,0.6528198976093664
-1.1630178273171106,-0.398467348458746,-1.3525325161361526,-1.6881494510351076,0.1561345476227444,-0.49726541719354583,-1.3674877953157223,-1.2969912537188715,-1.360930477432904,-0.9026705509014097
0.033309950287514795,0.3051394042916904,0.03474596901254999,1.5703970903514644,-0.5986365155869409,1.3161241383840576,0.902790256570302,-0.41205052623478006,-0.45740816876375623,1.586114166715832
-1.1384771144801205,1.30869563616028,-0.4980172958939366,0.8572923342104135,1.7356906738889024,-1.4039601949823475,0.902790256570302,1.357830928733403,-1.360930477432904,1.586114166715832
1.339162989728571,0.07166446031612429,-1.5612009979263894,-0.2784089211713589,1.079591068149756,-0.49726541719354583,0.902790256570302,0.4728902012493114,1.3496364485745396,-1.213768640603565
0.7556886265930441,0.6971651800402672,0.558610556748125,0.5744604672447978,-0.36418677865871346,-0.49726541719354583,0.902790256570302,0.4728902012493114,1.3496364485745396,1.275016077013677
-0.44242359249362706,1.6483295370306952,0.9703349915320744,1.4118788704095697,-1.5707095055721443,-1.4039601949823475,-0.7999182823442162,-0.41205052623478006,0.4461141399053917,-0.28047437149709925
-1.0099809347679272,-0.5142252325260123,-1.0287848057292956,-1.3174380399883807,-0.8728923435596461,-1.4039601949823475,0.3352207435987959,1.357830928733403,-1.360930477432904,1.586114166715832
0.8660817968530121,-0.7548750814509451,-0.15966337855465815,-0.7744222631807448,-0.22390905052436735,-1.4039601949823475,-1.3674877953157223,-1.2969912537188715,1.3496364485745396,1.586114166715832
-0.14540543336836992,-0.3391427974930769,0.97374318285411,-0.5745916450255895,1.143148672363118,-0.49726541719354583,0.902790256570302,-1.2969912537188715,-0.45740816876375623,-1.5248667303057202
-1.0249458218706888,-1.4467772483886376,1.0997394115892176,0.7348925591758216,0.7316836630332513,1.3161241383840576,0.902790256570302,0.4728902012493114,-1.360930477432904,-0.9026705509014097
-0.5060806330143716,-1.0354437053543375,1.7306173716388602,-1.031609524971213,1.6215269786906832,0.40942936059525586,-0.7999182823442162,-1.2969912537188715,-0.45740816876375623,-0.28047437149709925
-1.6232070360349728,0.7942654856851903,1.3726791452920064,-0.4981453333376081,-0.008370606323786504,-1.4039601949823475,-0.2323487693727102,1.357830928733403,0.4461141399053917,-0.28047437149709925
-1.390802785659108,0.007895911663649217,-1.4019040743513358,-1.010764632546382,-0.266242012388827,-0.49726541719354583,-0.2323487693727102,-1.2969912537188715,1.3496364485745396,1.275016077013677
-0.7193889092717013,-0.3544770760477663,-1.0272860986584738,0.0597953317353752,1.1855891319133622,-1.4039601949823475,0.902790256570302,-1.2969912537188715,-1.360930477432904,-0.9026705509014097
-0.3698556334260292,0.6521861716541324,-0.16179294939288166,0.8870848924338662,1.1391959271140497,-0.49726541719354583,-0.2323487693727102,1.357830928733403,-0.45740816876375623,0.9639179873115217
1.46589132457139,0.18242562110183907,-1.0870085922234405,0.7909321178508583,0.7277197992618466,-1.4039601949823475,0.902790256570302,-0.41205052623478006,-0.45740816876375623,0.9639179873115217
-1.5468132689767191,-1.4496239348629771,1.0761110236218165,0.9829417105263908,-1.2581677114459753,-1.4039601949823475,-0.2323487693727102,0.4728902012493114,0.4461141399053917,0.3417218079072112
0.5366959195210897,0.701082042648554,-1.012220466456182,0.9958109276558542,0.9278602396537109,-1.4039601949823475,-1.3674877953157223,-1.2969912537188715,-1.360930477432904,0.6528198976093664
1.0000798114240104,-1.5850560737860315,1.685852324349268,0.45868160145414877,0.2961598064196877,-0.49726541719354583,0.902790256570302,-0.41205052623478006,0.4461141399053917,-0.5915724611992546
-1.6352494763476566,0.4730955434010219,1.203154782039289,1.6476837476848316,-0.7130461626111266,1.3161241383840576,0.902790256570302,0.4728902012493114,0.4461141399053917,0.03062371820505596
1.001345996318292,0.6962369030914886,-0.5897314481321723,-1.6564058502092793,1.213858590992823,0.40942936059525586,1.470359769541808,-1.2969912537188715,-0.45740816876375623,-0.5915724611992546
-1.0349227715632694,0.42319459797387954,0.1758947364968365,-0.719499459022063,-1.1105957517817522,1.3161241383840576,-0.2323487693727102,-1.2969912537188715,-1.360930477432904,-0.9026705509014097
-1.376327562522343,-0.21655938113746795,1.535498930674495,0.46436097855311304,-0.9532461704175381,1.3161241383840576,0.902790256570302,0.4728902012493114,1.3496364485745396,-1.5248667303057202
1.6066181984933952,0.4899540336962192,1.0514579809713096,-0.25470434995097446,1.5094411792764442,0.40942936059525586,-1.3674877953157223,0.4728902012493114,1.3496364485745396,1.275016077013677
0.12968900756014198,0.42562557617878044,1.4407327832151318,-0.05593248543172902,-1.304047882088186,-0.49726541719354583,-0.7999182823442162,-0.41205052623478006,0.4461141399053917,0.03062371820505596
1.5379076350405922,-0.8211486555972562,1.125155185073491,-0.804491529559144,1.4100884101280755,-0.49726541719354583,-0.7999182823442162,-1.2969912537188715,-0.45740816876375623,1.586114166715832
-0.7389045861545794,1.0891220127287626,-0.490206192362535,-0.1420404279313151,-1.3570229769232842,0.40942936059525586,-0.7999182823442162,1.357830928733403,1.3496364485745396,1.586114166715832
1.049221539495903,-0.6874404091837709,1.120701215161185,0.5003559855617757,-1.6388836366203872,0.40942936059525586,-1.3674877953157223,-0.41205052623478006,0.4461141399053917,1.275016077013677
-1.287431994957308,-0.7819952531691097,-1.5119625496504479,1.2634389573125706,0.051280462351299745,-0.49726541719354583,-1.3674877953157223,-0.41205052623478006,0.4461141399053917,-0.28047437149709925
-1.5948324596749135,-1.164124373427853,0.5101277878556848,-0.10080688607411667,-0.762317040843856,-0.49726541719354583,-1.3674877953157223,-1.2969912537188715,-1.360930477432904,0.9639179873115217
-0.6059005862039637,-0.23786083340882735,-1.6118296858473276,-0.8663317269571461,0.26278456121896726,-0.49726541719354583,-0.7999182823442162,-0.41205052623478006,0.4461141399053917,-1.5248667303057202
-1.2139860611402904,-0.9236252131380824,0.7938022350442026,-0.19516261297730295,-0.9075479080788734,0.40942936059525586,0.902790256570302,0.4728902012493114,0.4461141399053917,0.6528198976093664
-1.054412506324359,-0.6846240019386228,-0.07022342665644705,-0.7505850150182676,-0.7765371476476419,-0.49726541719354583,-0.7999182823442162,-0.41205052623478006,-0.45740816876375623,0.3417218079072112
-1.3760554269217649,1.7385626067136408,-0.02996552903133828,0.7530642703070606,1.635921919524708,0.40942936059525586,-1.3674877953157223,-1.2969912537188715,-0.45740816876375623,-1.213768640603565
-1.4780845444192356,-1.5769699116314257,1.1611551940951848,0.8024649734114786,-0.46759149847273035,-0.49726541719354583,0.3352207435987959,-1.2969912537188715,-0.45740816876375623,0.03062371820505596
-0.4278927499058081,-0.5158277743510172,0.3974353981935455,0.24147856560245273,0.25061522062360647,1.3161241383840576,0.902790256570302,1.357830928733403,-1.360930477432904,0.3417218079072112
-0.5860758871149501,-1.0950999809627926,1.2748224632601817,1.6561484699868487,-1.4440900517067081,1.3161241383840576,-0.2323487693727102,0.4728902012493114,-0.45740816876375623,-0.5915724611992546
-0.23819340564952046,-0.9067332367748488,-1.3055752584372764,1.5729849830729892,1.0658424086393548,1.3161241383840576,0.902790256570302,-0.41205052623478006,-0.45740816876375623,-0.9026705509014097
1.454568366760371,-0.5895519887908391,-1.2410308400685957,0.6939548909640378,1.3474773739135693,-0.49726541719354583,-0.7999182823442162,1.357830928733403,1.3496364485745396,-0.5915724611992546
-1.305965351707941,1.0833405451612745,0.8621732386992865,1.538375011447862,-1.1254760181543553,1.3161241383840576,-0.2323487693727102,0.4728902012493114,-1.360930477432904,-1.213768640603565
-1.5871609837320744,-0.2533012317712454,-0.5165205524113811,1.245974409975285,-0.5264934160668722,1.3161241383840576,1.470359769541808,-0.41205052623478006,1.3496364485745396,0.6528198976093664
-0.47243351485409013,-0.2815894874600249,-1.330015385176777,-1.028131086318374,-0.6466702277673602,-1.4039601949823475,-1.3674877953157223,1.357830928733403,1.3496364485745396,-1.213768640603565
0.1908019102268849,-0.2079310102607098,0.41035784058740904,0.6302698822171904,0.21482812343980298,1.3161241383840576,-0.2323487693727102,-1.2969912537188715,-0.45740816876375623,1.275016077013677
0.6936365251552484,1.4451464958701972,0.5400340345057472,-1.0454648560976596,-1.291880414167429,-0.49726541719354583,-0.2323487693727102,0.4728902012493114,1.3496364485745396,-1.213768640603565
1.0016199670813175,-0.6494247626082801,-1.7235061204624604,-1.4377425240840587,0.5667312032614583,0.40942936059525586,-1.3674877953157223,-0.41205052623478006,0.4461141399053917,0.03062371820505596
1.3254378727927092,-1.5760169637796293,1.3299336115240423,-0.2745782365814575,-1.3204617846007236,-1.4039601949823475,-0.2323487693727102,1.357830928733403,0.4461141399053917,1.586114166715832
0.5739505502210351,-1.693230066133797,-1.5698919249741352,0.30352598715454243,-0.9455361426398134,0.40942936059525586,-0.7999182823442162,1.357830928733403,1.3496364485745396,1.275016077013677
-1.0850764684564997,-1.4783344292668554,0.0010124900527362275,-1.039671014107365,0.9212938737823352,0.40942936059525586,0.3352207435987959,-1.2969912537188715,-0.45740816876375623,-1.213768640603565
1.5653378514338385,-1.6729381072993177,-1.54791160440415,-0.21555613833584122,0.1935517832842404,0.40942936059525586,-0.2323487693727102,-1.2969912537188715,1.3496364485745396,-1.5248667303057202
1.3402315910564673,0.9537403030876059,0.9172451863871307,1.6434974404681004,-1.0750712690206994,1.3161241383840576,0.3352207435987959,-0.41205052623478006,0.4461141399053917,0.03062371820505596
0.20162143515912298,-0.04628775330324318,-0.0399834507057787,-0.8901981776219142,-0.33444419443315443,0.40942936059525586,-1.3674877953157223,1.357830928733403,-0.45740816876375623,0.6528198976093664
-0.2982695982873408,-0.5810801063302872,1.5832679918101717,0.33819208872700357,-1.5604550469169578,0.40942936059525586,-0.7999182823442162,-1.2969912537188715,-1.360930477432904,-0.5915724611992546
0.8428530076706567,1.5196130500848866,-1.3366613951681248,0.9780260067795008,-0.060672693745801025,-0.49726541719354583,-0.7999182823442162,-1.2969912537188715,0.4461141399053917,0.6528198976093664
1.2049211020099062,1.2334424151401635,-0.788740520727393,1.6917020308817632,-0.8214815221923074,1.3161241383840576,-0.7999182823442162,-1.2969912537188715,-0.45740816876375623,0.9639179873115217
1.0939372693925737,0.39062643581260076,1.0589736146578892,-1.6826348746497732,1.3295366644885847,-1.4039601949823475,1.470359769541808,-1.2969912537188715,-1.360930477432904,-0.9026705509014097
-0.16976116873518005,-0.9489306550240378,-0.2964529677789043,0.9363096542928786,-1.4051088806890981,-1.4039601949823475,0.902790256570302,0.4728902012493114,0.4461141399053917,-0.28047437149709925
-1.4243761421054164,-0.39879057261443496,0.5367358794449045,1.3539338363331277,-0.10583432664948739,0.40942936059525586,-0.2323487693727102,-0.41205052623478006,0.4461141399053917,0.03062371820505596
-0.6070421966293167,0.15609262313727362,1.5489383069640696,-0.22861535085691323,-0.4253691282542667,1.3161241383840576,-0.7999182823442162,1.357830928733403,1.3496364485745396,0.9639179873115217
-0.37162674312181293,0.9714648002628444,0.3638757815357878,1.700368158938054,-1.0010918757129335,-0.49726541719354583,0.902790256570302,-0.41205052623478006,1.3496364485745396,0.9639179873115217
0.7841112752700301,1.4959335129654987,-0.29671266630996634,-0.9795672939986948,1.0693417903895375,-0.49726541719354583,0.902790256570302,-1.2969912537188715,0.4461141399053917,0.03062371820505596
-0.4193746520520121,0.7350701011536889,-1.0603775279471777,-0.5456649803516386,0.20116798111342046,-0.49726541719354583,-0.7999182823442162,1.357830928733403,0.4461141399053917,-1.213768640603565
1.073668646259444,0.644648282060617,-0.44295487157832303,0.8204070697654985,-1.1529550696817328,0.40942936059525586,-1.3674877953157223,1.357830928733403,1.3496364485745396,-1.213768640603565
1.3592629135560914,0.07898804470596217,0.005721434549666157,1.5179199981343348,0.24391337090972398,0.40942936059525586,-1.3674877953157223,-0.41205052623478006,1.3496364485745396,0.03062371820505596
1.3444270746055982,0.8431111674306103,-0.38908873880844347,0.38061742334694576,-1.078718513377652,-0.49726541719354583,-1.3674877953157223,-0.41205052623478006,-0.45740816876375623,-0.28047437149709925
1.1368377081739975,-0.4819390922531323,-0.5975916411059182,-0.701465838125186,0.4870580001828266,1.3161241383840576,-1.3674877953157223,-1.2969912537188715,1.3496364485745396,-0.9026705509014097
1.0033943479659297,1.5752982329446064,0.23992012748246808,0.05691927499800848,-0.32059283307912784,-1.4039601949823475,-0.7999182823442162,0.4728902012493114,1.3496364485745396,-1.213768640603565
0.08226551769490488,-0.7694272855464628,0.6635366481148539,0.1545389907391871,-0.9378550293752098,0.40942936059525586,1.470359769541808,-1.2969912537188715,1.3496364485745396,0.9639179873115217
-1.4646637069014607,-1.2255625885910477,0.587996662301059,1.6665519504272264,-0.8597505982077148,-0.49726541719354583,-0.2323487693727102,-0.41205052623478006,-1.360930477432904,-1.5248667303057202
-0.5333190260946588,-1.5548203670229541,0.8892875636147771,-0.21424376295741981,-0.018396770102634692,-0.49726541719354583,-1.3674877953157223,0.4728902012493114,1.3496364485745396,0.6528198976093664
-0.7355250439119244,-0.3258506863657224,1.7283216277979816,0.41724558038674997,1.0256954866087744,-0.49726541719354583,-0.2323487693727102,-1.2969912537188715,0.4461141399053917,0.3417218079072112
1.2282362175232444,-0.8573295059342418,-0.9373282489371626,-0.3952374604453879,0.5638220303440927,0.40942936059525586,1.470359769541808,1.357830928733403,-0.45740816876375623,0.3417218079072112
1.0757720036380995,0.6698650471019737,0.4895842222362593,-1.4699707537648772,-0.8664864360772572,-0.49726541719354583,-0.2323487693727102,-0.41205052623478006,0.4461141399053917,-0.28047437149709925
0.7291545504931574,1.5949962879606934,-1.7177455118147429,0.976095658966427,-0.08906494829166452,-1.4039601949823475,0.902790256570302,-1.2969912537188715,-1.360930477432904,0.9639179873115217
0.04380291688826135,-0.020933606999575076,1.417275016156636,0.8651816765738346,1.132006437040413,-0.49726541719354583,0.3352207435987959,-0.41205052623478006,-1.360930477432904,0.9639179873115217
-0.2264553439914262,-1.6079743950859275,1.333936806043581,0.5413521155691249,0.5745558622155252,-1.4039601949823475,0.902790256570302,1.357830928733403,1.3496364485745396,-0.5915724611992546
1.4258477282121593,1.5290657760944213,-0.6670218637492734,-0.5682001240974839,0.28472936570234303,1.3161241383840576,-0.2323487693727102,-0.41205052623478006,0.4461141399053917,0.6528198976093664
1.0250247347657067,-1.0833874912441566,1.5137994160462012,-1.581082981581495,0.22633606096425993,-1.4039601949823475,1.470359769541808,1.357830928733403,1.3496364485745396,-0.28047437149709925
-0.383716613063083,0.11784711670029127,1.1142951439902968,-0.4490391292873444,0.6193616659328838,-1.4039601949823475,-0.7999182823442162,-1.2969912537188715,-1.360930477432904,-0.5915724611992546
-0.9121388485452913,1.2925180550732827,0.7459576753872256,-0.6971012296785367,0.9026984748140069,-0.49726541719354583,-1.3674877953157223,0.4728902012493114,-1.360930477432904,-1.213768640603565
-1.2014231818791754,1.3819218557124584,-1.038667348147771,-0.06332323228650535,0.879337822260184,0.40942936059525586,1.470359769541808,1.357830928733403,-0.45740816876375623,-1.5248667303057202
0.8832751737473695,1.1011328839792638,0.0391716852820154,0.4757917225854937,-1.5695680631150868,1.3161241383840576,0.902790256570302,0.4728902012493114,-0.45740816876375623,1.275016077013677
1.3768135270499662,-1.2798113874518917,1.566427211461354,1.4404026014447866,-1.116848979417711,0.40942936059525586,-0.7999182823442162,1.357830928733403,0.4461141399053917,-1.213768640603565
0.36382392080774406,1.0788929974116774,-0.5103813071516409,-1.7162925870620855,0.8721672378428917,1.3161241383840576,0.902790256570302,-0.41205052623478006,-1.360930477432904,0.6528198976093664
1.5804765980278566,-1.628696982689469,-1.0408526951683434,0.0037609440111081986,0.758215890563034,1.3161241383840576,-0.2323487693727102,0.4728902012493114,-0.45740816876375623,-0.9026705509014097
-1.353941478749742,0.33756228648624936,-1.4604420200773085,-1.4568047937077675,-1.4893309272965065,1.3161241383840576,-0.7999182823442162,1.357830928733403,0.4461141399053917,0.9639179873115217
1.0427334133288195,1.2931947116282079,-1.2332766429886068,0.6643610998456794,0.18411156799261977,-1.4039601949823475,0.3352207435987959,-1.2969912537188715,-0.45740816876375623,-1.5248667303057202
-0.44699655467338517,-0.3348315592998521,1.6079886074668184,-0.14022759796829062,-1.6389384068351496,0.40942936059525586,-0.2323487693727102,1.357830928733403,-1.360930477432904,1.275016077013677
0.015904413749719692,0.31314559286224525,-0.7106939822250204,0.6007099949491964,-1.5314045011206483,1.3161241383840576,0.3352207435987959,1.357830928733403,1.3496364485745396,-1.213768640603565
-0.4383779323507559,1.6277687117592614,-0.09548740411966619,-0.4311123903855598,-1.4131302990719088,0.40942936059525586,-0.2323487693727102,0.4728902012493114,-1.360930477432904,0.6528198976093664
0.5532772572793764,-0.2778681031160638,0.9028612763617969,-0.6772509101346368,-1.1134544395367831,0.40942936059525586,-0.7999182823442162,-1.2969912537188715,-1.360930477432904,-1.213768640603565
0.0594166564408641,-0.3415010932031848,1.609550393385143,-1.3034502135342154,1.6478258463154802,-1.4039601949823475,1.470359769541808,0.4728902012493114,-1.360930477432904,0.03062371820505596
1.2768783365836527,-1.382451896473526,0.21768973627760865,-1.3543848540923806,-1.5661630374040927,0.40942936059525586,-1.3674877953157223,0.4728902012493114,1.3496364485745396,-1.213768640603565
-0.05933611694171341,1.2754213097608151,-0.5481634470681033,-0.22597891467817235,1.2044830514022995,-0.49726541719354583,1.470359769541808,-1.2969912537188715,0.4461141399053917,-1.213768640603565
1.566945076556591,0.14566964995406992,-0.44554564697801313,-0.4386138536445614,1.1091026654695795,1.3161241383840576,-0.2323487693727102,-0.41205052623478006,1.3496364485745396,-0.5915724611992546
-0.34254670001678594,1.273563868357725,-0.23081872600544104,-1.1650411377335264,0.7387165180412593,-1.4039601949823475,-0.7999182823442162,1.357830928733403,-0.45740816876375623,0.03062371820505596
-1.4439359694220189,0.48156102640393533,-0.6880184438132335,0.16252670792564805,1.358972958516316,0.40942936059525586,-0.2323487693727102,0.4728902012493114,0.4461141399053917,0.3417218079072112
0.5176076838940891,1.5548679285202522,-0.8053770550336383,-0.8681074123397828,-1.6275827177830875,-0.49726541719354583,-1.3674877953157223,-1.2969912537188715,1.3496364485745396,0.03062371820505596
0.5097437099616797,1.4559640839383567,0.44774762651725675,1.1807193872012354,-0.9056777522552378,1.3161241383840576,-1.3674877953157223,-0.41205052623478006,1.3496364485745396,0.3417218079072112
1.169169631023679,0.9864115735688768,-0.82541239789721,-1.565815632687296,-1.0326070320831802,1.3161241383840576,0.902790256570302,-0.41205052623478006,1.3496364485745396,0.03062371820505596
0.840656602682245,0.25068943617440126,-1.4495639982280009,0.29274025203054393,-1.4150614645579633,0.40942936059525586,-0.2323487693727102,-0.41205052623478006,1.3496364485745396,-1.5248667303057202
-1.1680961145508524,-1.5462699965273545,0.47089930560539756,-0.7973540482731383,-0.48244022276282106,-0.49726541719354583,-0.7999182823442162,1.357830928733403,0.4461141399053917,-0.28047437149709925
0.4107049029156294,0.3373633918915858,0.8804061728205094,1.0581758413873084,1.1572380823996435,1.3161241383840576,0.3352207435987959,1.357830928733403,1.3496364485745396,-0.28047437149709925
0.16895971902233564,-0.9474081070554021,0.5719360884194244,1.1691206773243397,-0.28854569335240454,0.40942936059525586,-0.7999182823442162,1.357830928733403,-0.45740816876375623,0.03062371820505596
0.45122200885253066,0.3747557156642941,1.213293351677094,0.7144019083252127,-0.7681530389347389,-0.49726541719354583,-0.7999182823442162,1.357830928733403,-0.45740816876375623,0.9639179873115217
-1.5987522434892514,-0.9383794431220566,1.7428744746840679,-0.5199073971996082,1.654578504109818,0.40942936059525586,1.470359769541808,0.4728902012493114,0.4461141399053917,1.275016077013677
1.591470383604494,1.1908331757565926,0.5390924383097634,-1.2334959739738218,0.615432082835593,0.40942936059525586,-0.7999182823442162,-0.41205052623478006,-1.360930477432904,-0.9026705509014097
1.5977937912526154,0.2825516374352427,-0.2858801453684284,0.9270121161752879,0.5482239769057391,0.40942936059525586,0.3352207435987959,-1.2969912537188715,1.3496364485745396,0.6528198976093664
1.053248079066475,0.8193651149189953,0.41511237989029653,1.2003638908751226,-1.4329315405034269,1.3161241383840576,-0.7999182823442162,1.357830928733403,0.4461141399053917,-0.28047437149709925
1.479406299861114,0.005097084082758697,-0.8415326701970617,-0.4864925548157394,-1.4003979720891995,0.40942936059525586,-1.3674877953157223,-0.41205052623478006,-0.45740816876375623,0.03062371820505596
-0.8675241719035494,1.1223065314982554,0.07748872231856217,0.7380096367695177,0.5920174390024702,-1.4039601949823475,1.470359769541808,-0.41205052623478006,-0.45740816876375623,-1.5248667303057202
0.01495530245625145,0.738962216315769,-1.42022215262275,-0.3821353381051909,1.063744229056567,0.40942936059525586,1.470359769541808,1.357830928733403,-1.360930477432904,-0.5915724611992546
-0.08286451320995035,-0.04952710538311845,0.0072657229113792425,1.593506445683742,0.6166334329225608,0.40942936059525586,1.470359769541808,-1.2969912537188715,0.4461141399053917,0.6528198976093664
-0.5743181502232036,0.6425070524964307,1.4066063685082806,-1.6751418573691057,1.2060500230689886,1.3161241383840576,-0.7999182823442162,1.357830928733403,-0.45740816876375623,-0.9026705509014097
1.0784488727446129,-0.7830893004360323,0.04617640699272304,-0.9922941338827397,1.0609790573181175,-0.49726541719354583,0.3352207435987959,-1.2969912537188715,1.3496364485745396,0.3417218079072112
-1.1560118431110826,-0.7937419907052403,-0.3646464087584068,1.1956721857714925,-1.460157292963672,0.40942936059525586,-0.7999182823442162,-0.41205052623478006,-1.360930477432904,0.03062371820505596
-0.29831655851285566,1.1165644469532263,0.5040684562164339,1.2194002013364917,-0.42169743437860197,0.40942936059525586,-1.3674877953157223,1.357830928733403,0.4461141399053917,-0.28047437149709925
-0.5081503466781331,-0.8908654079690117,-0.5960999204481445,-0.010481740806315261,-1.3032743221646528,0.40942936059525586,-0.2323487693727102,-1.2969912537188715,0.4461141399053917,-0.9026705509014097
0.0524391021429091,-0.5121232735216734,0.13818941368673143,1.5699559093028386,-0.48459760030066323,0.40942936059525586,-1.3674877953157223,1.357830928733403,-1.360930477432904,-1.5248667303057202
-0.5168918665306885,0.08612708812760544,0.22395587829036634,-0.35329517218236917,0.8400756083563578,0.40942936059525586,0.902790256570302,0.4728902012493114,-0.45740816876375623,-0.28047437149709925
1.3772111429643004,-1.5628843571244788,0.3397151066898774,0.9904972629964045,-1.1433332902820306,-1.4039601949823475,0.902790256570302,-1.2969912537188715,1.3496364485745396,1.586114166715832
-0.813313923851331,-1.2970392647009332,-0.46804379855596845,1.319219706282924,0.8146553614060628,1.3161241383840576,0.3352207435987959,-0.41205052623478006,0.4461141399053917,-0.9026705509014097
1.659189995953505,-0.3325673174486733,-0.345518201290144,-0.223157719534472,-0.037698413610934324,0.40942936059525586,-0.7999182823442162,-1.2969912537188715,0.4461141399053917,-0.9026705509014097
-1.4386186185417371,1.2789681494349372,-1.331380839804824,1.6983279778737794,1.4665061022307417,1.3161241383840576,1.470359769541808,-1.2969912537188715,1.3496364485745396,0.6528198976093664
1.1903172054949307,1.5375884571887328,1.272576682654383,-0.4452361046988881,0.6288174247733287,1.3161241383840576,0.902790256570302,0.4728902012493114,1.3496364485745396,-0.28047437149709925
0.43986362274661683,0.476770717205459,-0.13235831324885225,1.6568538355025761,-0.4600310841434595,1.3161241383840576,-0.2323487693727102,-1.2969912537188715,-0.45740816876375623,0.6528198976093664
-1.022446915517882,-0.07901935763430536,-0.6643275118061719,0.43640997941413673,-0.9944245817639071,0.40942936059525586,1.470359769541808,-1.2969912537188715,0.4461141399053917,1.275016077013677
-1.4597843585812127,-0.4959590030309996,0.3893513333219542,-1.5017731124520972,0.9931116772071065,0.40942936059525586,1.470359769541808,1.357830928733403,-1.360930477432904,0.9639179873115217
-0.6103256247136453,1.3834900777426353,-0.6721649629835562,-0.6873513958140051,0.9353057201834395,1.3161241383840576,-0.2323487693727102,-1.2969912537188715,0.4461141399053917,-1.5248667303057202
0.39564322102153454,1.3283723540619516,0.07351987427675634,0.9696435384515416,-1.1712110156818947,0.40942936059525586,1.470359769541808,0.4728902012493114,-0.45740816876375623,-0.28047437149709925
-1.614850119892209,1.6960417316195933,1.3377705271833835,0.6497202527371178,-1.1524735346665047,-0.49726541719354583,-1.3674877953157223,-0.41205052623478006,0.4461141399053917,-1.213768640603565
-0.7007552101465567,-0.5528186622827084,0.8170705458201062,-0.38275060424453133,0.8178058531720869,-0.49726541719354583,0.3352207435987959,-0.41205052623478006,-1.360930477432904,0.3417218079072112
-0.7609487596254387,1.0205199079333336,-1.1506721808134588,1.6694581162678035,-1.3867047597070257,0.40942936059525586,-0.7999182823442162,-1.2969912537188715,1.3496364485745396,-0.28047437149709925
-1.4096204000943964,-1.070934489835566,-0.8544395204463093,-0.43866621342586243,-0.9899854525231725,1.3161241383840576,0.902790256570302,-1.2969912537188715,1.3496364485745396,-1.5248667303057202
-1.2490859423579688,-1.2601217988905768,0.9404753732687966,0.01887027956843809,-0.10671890483368801,-1.4039601949823475,-0.7999182823442162,0.4728902012493114,1.3496364485745396,0.6528198976093664
0.08114218584637482,-0.6983806730909723,-1.6390155266967643,0.2680882325987297,0.5281961307908419,1.3161241383840576,0.3352207435987959,1.357830928733403,1.3496364485745396,-1.213768640603565
-0.38032255965270734,1.1183765069319562,0.31918578273782233,1.5768850373235095,0.7923351284348148,1.3161241383840576,1.470359769541808,-1.2969912537188715,-1.360930477432904,-0.28047437149709925
-0.46783962071275076,0.06159956089270006,-1.0179757407055148,-0.12106901314906648,1.336224901484531,0.40942936059525586,-0.2323487693727102,1.357830928733403,1.3496364485745396,0.03062371820505596
0.4549204216108615,0.5602483724891338,0.54705623576737,0.1620218799484075,1.0540167871202668,0.40942936059525586,-0.2323487693727102,1.357830928733403,-1.360930477432904,0.3417218079072112
-1.1416767323119599,-0.3045790009509557,0.7194432058879985,1.6012323151491483,0.6229321371618712,0.40942936059525586,-0.2323487693727102,-0.41205052623478006,-0.45740816876375623,0.3417218079072112
1.2362025527002785,0.011430123736449924,-0.23932601071675305,-0.36484255259645965,0.34528440198183397,-1.4039601949823475,1.470359769541808,-0.41205052623478006,0.4461141399053917,1.586114166715832
-1.3669522494672617,1.3300627664941331,0.9232501225332309,-0.4133261892083734,1.4684620057694155,0.40942936059525586,-0.2323487693727102,1.357830928733403,-1.360930477432904,0.03062371820505596
-0.01448259403878722,1.5533329514255463,-1.5468616860490323,-0.9531978316382378,1.3057665445893356,0.40942936059525586,-0.7999182823442162,1.357830928733403,0.4461141399053917,-1.5248667303057202
0.8674796749559223,-0.529901950549316,-0.9761515691194035,-0.2068379564169703,-1.468152310188823,-1.4039601949823475,1.470359769541808,0.4728902012493114,0.4461141399053917,0.3417218079072112
1.011846505650235,-0.38274831376087853,0.3281702500796346,-0.4522064099439133,1.6049009823298135,-1.4039601949823475,-0.7999182823442162,1.357830928733403,1.3496364485745396,1.275016077013677
1.2227203807226483,0.1618003643733124,1.7441377015404282,1.5752136850088378,0.07936572302578708,-0.49726541719354583,-0.2323487693727102,0.4728902012493114,1.3496364485745396,-1.213768640603565
0.8908097272137195,0.5976803459351662,-1.3003416604396913,1.4709054012535387,-0.6493691849950132,-1.4039601949823475,0.3352207435987959,-1.2969912537188715,1.3496364485745396,-0.5915724611992546
1.038549145553389,-0.14779575547100793,1.3122449111131376,-1.481738613393283,1.121923333950516,-0.49726541719354583,0.3352207435987959,-0.41205052623478006,-1.360930477432904,-1.213768640603565
1.0664713975098288,0.921271409553572,1.3121627124164006,-0.18486111562015226,0.849632847438787,-1.4039601949823475,-0.7999182823442162,1.357830928733403,0.4461141399053917,-0.28047437149709925
1.540657753705562,0.5550742530482261,1.0385062920679509,-0.3483041348025956,-1.1279303327489822,-1.4039601949823475,-0.7999182823442162,-1.2969912537188715,1.3496364485745396,-0.28047437149709925
-1.2965154445367664,0.3757820485137583,-1.709774347645237,-1.0685012875676596,0.8146901640850932,-0.49726541719354583,-0.2323487693727102,-0.41205052623478006,0.4461141399053917,1.275016077013677
0.9404188240503413,1.0441935986262958,-0.13196192242125987,0.5409223664057247,0.9454108482716709,-0.49726541719354583,-0.2323487693727102,0.4728902012493114,-0.45740816876375623,-0.9026705509014097
-1.3854926758759065,-1.5866414091658365,0.20082369199236413,-0.19001127145803223,0.6789049822674154,-0.49726541719354583,-0.7999182823442162,-1.2969912537188715,-1.360930477432904,-1.213768640603565
0.5447044265842845,0.0020683517441003377,1.3901743347595323,0.4314229040714447,1.3233808445491961,-1.4039601949823475,0.902790256570302,1.357830928733403,1.3496364485745396,-1.213768640603565
0.57028436638737,-0.22156939430546196,-0.12479189007722008,-1.1760071922831747,0.1285638733112399,0.40942936059525586,0.902790256570302,0.4728902012493114,-1.360930477432904,-1.5248667303057202
0.7071221310030222,-1.3211706786248938,0.15276981450763308,-0.155773371250123,0.39809948201120593,-1.4039601949823475,-0.2323487693727102,-1.2969912537188715,1.3496364485745396,-0.5915724611992546
1.459233793032259,1.303818024193725,0.5602711428712844,0.3240698999821116,0.515890371077141,1.3161241383840576,0.3352207435987959,1.357830928733403,-1.360930477432904,0.9639179873115217
0.08714922437228227,-0.3141596856062589,0.5437858234032968,-0.7846522844815985,1.1446765383451514,0.40942936059525586,-0.2323487693727102,-0.41205052623478006,1.3496364485745396,0.03062371820505596
0.628287171430678,0.7413768870197932,1.0352447659658581,0.07977788290512483,1.5575115374937747,0.40942936059525586,-0.7999182823442162,0.4728902012493114,-0.45740816876375623,1.275016077013677
0.17062439203851776,1.3633979700301526,0.6949964989765373,1.372742572937539,-0.9148135037732952,-1.4039601949823475,0.902790256570302,1.357830928733403,-0.45740816876375623,-0.28047437149709925
1.6256596048584149,-0.3593650385486008,-0.9879776523541974,-0.9088525646322363,-0.5792361449092449,1.3161241383840576,1.470359769541808,-0.41205052623478006,-0.45740816876375623,-0.28047437149709925
-1.469707093390243,-1.352773973710618,1.13706226325659,-1.2051542686244667,1.3350023719536537,0.40942936059525586,0.902790256570302,0.4728902012493114,-0.45740816876375623,-1.213768640603565
-1.1713264837212574,-0.14228990587947637,0.5882516623738383,1.2492392834939472,1.672575449423525,1.3161241383840576,-0.7999182823442162,0.4728902012493114,1.3496364485745396,0.9639179873115217
1.2411126196023503,1.4908585776637362,1.0599686065047917,-0.9675812230738008,0.872759461470665,-1.4039601949823475,1.470359769541808,1.357830928733403,0.4461141399053917,1.275016077013677
-0.6389526062463615,-1.5332566888130836,-1.1785492954571462,-1.7167156951373528,-0.6110789928145435,-0.49726541719354583,1.470359769541808,0.4728902012493114,-1.360930477432904,0.6528198976093664
-0.14400975547989697,0.14712764107386947,-1.1180979034019478,-0.7222526919052953,-1.1339334968607824,0.40942936059525586,-1.3674877953157223,-0.41205052623478006,1.3496364485745396,1.275016077013677
-0.747526307945863,0.2514808756561329,-1.0189137117481029,0.934576436728471,0.9653712825746094,0.40942936059525586,-0.2323487693727102,0.4728902012493114,1.3496364485745396,-1.5248667303057202
0.13724002365974675,-1.2281375416423845,-0.8955110489650084,0.7681094123523089,0.9569861356772185,1.3161241383840576,0.902790256570302,0.4728902012493114,1.3496364485745396,1.275016077013677
-0.2068140708604618,1.4336162411405444,-1.2889767988358927,0.2158050187770361,-0.21052334119153152,1.3161241383840576,1.470359769541808,0.4728902012493114,1.3496364485745396,-0.9026705509014097
-0.25157542229288166,-1.3070811399465403,-1.1513006477092778,-1.058006503954192,1.1455407294191131,1.3161241383840576,-0.7999182823442162,1.357830928733403,-0.45740816876375623,-0.28047437149709925
1.3459480631344407,0.6916531273804817,0.8407075410226257,1.0474745676133934,1.3879049010934308,-0.49726541719354583,-1.3674877953157223,-1.2969912537188715,-0.45740816876375623,-1.5248667303057202
0.07948867879671656,-1.102080911663188,0.8255060347911528,0.06781990373661557,-0.9772727921191258,0.40942936059525586,-0.2323487693727102,-0.41205052623478006,1.3496364485745396,-1.213768640603565
-1.4023522947563685,0.4214822008314817,-1.4441791235037682,-0.4838644152347022,1.7379814673601754,1.3161241383840576,-1.3674877953157223,-1.2969912537188715,0.4461141399053917,0.03062371820505596
-0.20175968737908254,1.1109896280416112,-0.6640490748071826,0.9415185131727978,-0.5500132656300112,-0.49726541719354583,-1.3674877953157223,1.357830928733403,1.3496364485745396,1.586114166715832
-0.1977706454204413,0.47553280189153985,1.501274876005337,-1.186762683136181,0.21324811844617841,0.40942936059525586,-1.3674877953157223,-1.2969912537188715,-0.45740816876375623,0.9639179873115217
0.9825400526433223,-1.190250421951358,0.22300650555056897,-0.9305020929613277,-0.9453354787772102,0.40942936059525586,-1.3674877953157223,0.4728902012493114,-0.45740816876375623,-0.28047437149709925
-0.9650930410043993,-0.9839193357840043,0.4347326117079125,-0.5293751713587291,0.8265020912165025,1.3161241383840576,1.470359769541808,0.4728902012493114,-0.45740816876375623,0.3417218079072112
-1.310718013834121,0.31748688325946434,0.544020647798124,0.535911565069499,1.649264867285003,1.3161241383840576,0.3352207435987959,-1.2969912537188715,1.3496364485745396,0.3417218079072112
0.05161179271914885,1.649495600515233,0.6626211830899928,-0.408431250806336,0.1781753313668965,-0.49726541719354583,-1.3674877953157223,-0.41205052623478006,-0.45740816876375623,-0.28047437149709925
1.4638303877747405,-0.764107838060733,-1.190728263086076,1.519076262544067,-0.5530369431477763,1.3161241383840576,-1.3674877953157223,-0.41205052623478006,0.4461141399053917,-0.28047437149709925
0.24041317906591725,-0.24631788922575687,-1.576546387019157,-0.028233634327807768,1.0071437912001133,1.3161241383840576,-0.2323487693727102,0.4728902012493114,-1.360930477432904,0.03062371820505596
-0.578260313394182,-0.177042840238332,1.739749403741501,-0.32906454823334835,-0.3004059431907042,-0.49726541719354583,-0.7999182823442162,0.4728902012493114,-0.45740816876375623,-0.5915724611992546
-1.4942109099848897,-1.4908938317606466,0.5394273025086579,-1.5929131038378037,0.41388272884209204,-1.4039601949823475,1.470359769541808,1.357830928733403,0.4461141399053917,1.275016077013677
-0.7432528550158265,0.3548891009392321,-1.2511863524598816,-1.4897957158283628,-0.8730170755146941,-0.49726541719354583,-0.7999182823442162,1.357830928733403,-1.360930477432904,1.586114166715832
0.669777966281841,-0.8865943133194756,-1.5785163630204282,-1.2470842557309154,-0.1370624388644267,1.3161241383840576,1.470359769541808,0.4728902012493114,0.4461141399053917,0.03062371820505596
1.045966306418262,-0.2629782837413046,-0.9113242769356448,-0.37760991942383815,-0.8981512351835269,0.40942936059525586,1.470359769541808,0.4728902012493114,0.4461141399053917,-1.213768640603565
0.23507311930234598,-0.6838371903208511,-1.305975842470233,1.3497458100235524,0.44355199361033876,0.40942936059525586,0.902790256570302,-0.41205052623478006,0.4461141399053917,-1.213768640603565
-0.3877915583207733,1.0769246920008309,0.6359387050540607,1.3616901852672612,0.5743524751368121,0.40942936059525586,0.902790256570302,-1.2969912537188715,-0.45740816876375623,1.586114166715832
-0.8668386104259956,-0.3868612028753974,1.064082548585903,1.5671928371986104,-1.4397090637803045,1.3161241383840576,0.902790256570302,-0.41205052623478006,1.3496364485745396,1.275016077013677
0.6224630603764051,-0.8138074936634726,0.07634139532627915,-0.13630156429128668,1.7031710996822202,-1.4039601949823475,-0.2323487693727102,-0.41205052623478006,-0.45740816876375623,0.03062371820505596
0.12519069435669924,-0.3655473336018922,-0.027631039235113106,-1.4660991561587122,-0.7953083232399744,-1.4039601949823475,0.902790256570302,-0.41205052623478006,-0.45740816876375623,-0.9026705509014097
1.3378812818598942,1.395613102469287,-0.4740257749993023,-0.522721811253257,-1.3011359750474705,-1.4039601949823475,-0.2323487693727102,1.357830928733403,0.4461141399053917,1.275016077013677
0.7879158855135465,0.28176197478338205,-0.9391512382052347,-0.3083389973167493,-1.0370965412329023,1.3161241383840576,1.470359769541808,-0.41205052623478006,-1.360930477432904,1.586114166715832
0.7475300753661956,0.38840140967395864,-0.17336298333681968,1.0824321195176434,-1.530634428706111,-0.49726541719354583,-0.7999182823442162,1.357830928733403,-0.45740816876375623,-0.9026705509014097
1.6610304133014173,-1.4800183906113595,0.9385522964910764,0.73034287963958,1.5722648513238575,-1.4039601949823475,0.3352207435987959,-0.41205052623478006,1.3496364485745396,-0.5915724611992546
0.07214186881896097,1.7376963267911882,1.149561783460153,-1.0475854679500198,-0.28590534924309347,1.3161241383840576,-0.7999182823442162,0.4728902012493114,1.3496364485745396,-1.5248667303057202
0.8876077006083211,-0.9171351353806141,0.24099429864088395,0.560874461797698,-1.1811194696803655,0.40942936059525586,-0.2323487693727102,-0.41205052623478006,0.4461141399053917,1.275016077013677
0.7675218171224092,1.4622826143778809,0.7671461445843251,-0.78357566890354,1.1381788598084774,-0.49726541719354583,-0.7999182823442162,-1.2969912537188715,-0.45740816876375623,0.03062371820505596
-1.0865256052252725,-1.5862199180062895,-0.2565443623349838,-0.855578237275693,1.11518646162803,1.3161241383840576,0.902790256570302,-1.2969912537188715,-1.360930477432904,-1.213768640603565
0.5083164003529799,1.047730778108806,0.05691081307789029,-0.7455161553701656,0.021733744762649793,-0.49726541719354583,0.902790256570302,-1.2969912537188715,0.4461141399053917,1.586114166715832
1.0698250450894615,-0.2982572424899924,1.0793740118584352,0.7661711803797129,0.14015309023329195,-0.49726541719354583,0.3352207435987959,0.4728902012493114,-1.360930477432904,0.9639179873115217
1.2788160488170768,-1.4530616536395307,0.4914373179737552,-0.1717678100655592,-0.8107579863648513,1.3161241383840576,-1.3674877953157223,-0.41205052623478006,-0.45740816876375623,1.586114166715832
-0.283332132927217,-1.082730515372923,0.4826205510125818,1.056878290903868,-1.4919361547097778,-0.49726541719354583,-0.7999182823442162,-1.2969912537188715,-1.360930477432904,-0.9026705509014097
-1.1780316660407335,-1.3818314188674419,-0.7693645190797066,-1.0784513138891731,1.4096872022454454,0.40942936059525586,-0.7999182823442162,-1.2969912537188715,-1.360930477432904,0.6528198976093664
0.3816964478841043,-0.29922982966339384,-0.052958029666925914,-0.9320198028425645,0.9104289017263496,-0.49726541719354583,1.470359769541808,1.357830928733403,-0.45740816876375623,-1.5248667303057202
-0.8243318217557791,0.39120902957065107,-1.3322777479162795,0.30994909146327704,0.2689214292281521,-0.49726541719354583,0.3352207435987959,0.4728902012493114,0.4461141399053917,1.586114166715832
1.65012451102617,-1.4305877247315735,-1.4381202992317026,-0.26364038632096687,-0.17968207652118756,-1.4039601949823475,1.470359769541808,1.357830928733403,1.3496364485745396,1.275016077013677
-0.4746888766120887,-0.2402423586936535,1.1341224184242404,-1.364277644118213,-0.9730863962472555,-0.49726541719354583,-0.7999182823442162,0.4728902012493114,1.3496364485745396,-0.5915724611992546
-1.213236978257841,-1.6971301261727232,-1.519387423932468,-1.6364647745967678,-1.1490381776088014,-0.49726541719354583,0.3352207435987959,-1.2969912537188715,1.3496364485745396,-0.28047437149709925
-1.0700786636294324,-1.125516933989019,0.6082791264368272,0.18360310436449107,0.34402565574172184,1.3161241383840576,0.3352207435987959,1.357830928733403,0.4461141399053917,-0.28047437149709925
-0.833929234258089,0.34472294933824854,1.465154365463085,-0.6515545303918633,-0.9321977875620835,1.3161241383840576,-0.7999182823442162,-0.41205052623478006,1.3496364485745396,0.03062371820505596
1.5914857364221986,1.3046722302148166,1.6410970184219533,1.0915565475258542,1.517292273281882,1.3161241383840576,-0.7999182823442162,-0.41205052623478006,0.4461141399053917,-0.5915724611992546
1.330219985059344,0.9301952491176223,1.6987753264482963,0.6478216602654282,1.0661199622181727,1.3161241383840576,-0.2323487693727102,1.357830928733403,-0.45740816876375623,1.586114166715832
-1.6460270624043885,-1.019012000337227,-0.11804119499502516,-0.957403143343543,-0.5323352223551766,-1.4039601949823475,-0.7999182823442162,-0.41205052623478006,0.4461141399053917,-0.5915724611992546
0.6266046967616136,0.2966471705069947,1.7294558234942694,0.14475242715917216,0.41791722860737296,0.40942936059525586,0.902790256570302,-1.2969912537188715,-1.360930477432904,-1.213768640603565
0.38079631492714106,-1.3527702787133185,-1.2320752359698257,-0.593325054551768,-1.5281519447136795,-1.4039601949823475,-1.3674877953157223,0.4728902012493114,0.4461141399053917,-1.5248667303057202
0.6831304347454127,-0.4374439300419249,-0.5110672788795751,1.4448446392297734,-0.030431178491687427,0.40942936059525586,0.902790256570302,-1.2969912537188715,0.4461141399053917,0.3417218079072112
1.0937234154645612,1.0621624669900283,1.4285939267013228,-0.9392746735067629,-0.7491450219011411,-0.49726541719354583,0.902790256570302,0.4728902012493114,-1.360930477432904,-0.5915724611992546
1.6458180121038972,-1.2588367640363811,-1.4931621986170214,0.9910544667360878,-0.02652231581876439,1.3161241383840576,0.902790256570302,0.4728902012493114,-1.360930477432904,-1.5248667303057202
-1.1072055224590096,0.1716830607491314,-0.08250588278113695,-1.0200490216713893,1.5952494949969278,0.40942936059525586,1.470359769541808,0.4728902012493114,1.3496364485745396,1.275016077013677
0.43569314067507176,1.1226061114722206,0.405618368360878,0.7088124872904248,1.6523309500194117,1.3161241383840576,0.3352207435987959,-1.2969912537188715,1.3496364485745396,-0.28047437149709925
0.6664479662315178,-0.3218079522963354,-0.12416038829814115,1.2069743937234587,0.6748073648526917,0.40942936059525586,-0.7999182823442162,-0.41205052623478006,-1.360930477432904,-0.28047437149709925
0.4363427516859543,-0.7793775051905399,-1.666214114642973,-0.661973451273503,-0.9246096977053718,0.40942936059525586,-0.2323487693727102,-0.41205052623478006,-1.360930477432904,-1.5248667303057202
-0.458073134862325,0.6287090802474317,-0.22908920041889852,-1.4520791379044107,0.19184138948630539,1.3161241383840576,0.902790256570302,1.357830928733403,-1.360930477432904,-0.28047437149709925
-1.2923415104879927,-0.9509606225091742,0.37395791300606057,1.5763888252705132,-0.6736498119592226,1.3161241383840576,-1.3674877953157223,1.357830928733403,-1.360930477432904,-0.9026705509014097
0.19158174842497724,1.735825856448061,0.10882092214765003,0.1553744674106747,0.022568360023256264,-0.49726541719354583,1.470359769541808,0.4728902012493114,-0.45740816876375623,-0.5915724611992546
-1.052638528772618,-0.15993035299413905,-1.0456362849904077,-0.8465230579349148,-0.31603449240447284,1.3161241383840576,1.470359769541808,1.357830928733403,-1.360930477432904,0.3417218079072112
-1.2317409090892621,1.40477816207547,-1.2342431997496515,0.7896815058001139,-1.0688898079745934,-1.4039601949823475,-0.2323487693727102,1.357830928733403,-1.360930477432904,1.586114166715832
-0.247473720220962,-0.421085934991524,-0.7508889849146071,1.575670961959599,0.12512692268311482,-0.49726541719354583,-1.3674877953157223,0.4728902012493114,-0.45740816876375623,0.3417218079072112
-0.2933922332997684,-1.6500493219317853,0.7181364533949269,-1.4025266554309275,1.6649516321497757,0.40942936059525586,1.470359769541808,-1.2969912537188715,-0.45740816876375623,-0.9026705509014097
0.4549302236909183,0.19784673559943927,-1.5262818845109993,0.43764153393280797,-0.9551065733738966,0.40942936059525586,-0.7999182823442162,1.357830928733403,0.4461141399053917,0.9639179873115217
0.766724157761373,1.1075002142820476,1.6982266660757073,-0.6717178220679134,1.6133057445908094,0.40942936059525586,1.470359769541808,0.4728902012493114,-0.45740816876375623,0.6528198976093664
-0.6976631057080863,-0.5586968394354717,0.23042395460374288,0.8833145037369246,-1.4170361840511139,-1.4039601949823475,-0.2323487693727102,0.4728902012493114,1.3496364485745396,-1.5248667303057202
-1.5711188042091777,1.1344639594282877,0.282355311084342,-1.5236069082523738,-1.665895212063551,0.40942936059525586,0.3352207435987959,1.357830928733403,-1.360930477432904,-0.28047437149709925
-0.0205695115558312,1.642631876608704,-1.6133080154334882,0.7067845232300662,-1.6675879380972676,0.40942936059525586,1.470359769541808,-1.2969912537188715,0.4461141399053917,-0.5915724611992546
-0.41912979953538276,1.2312782240209128,-0.585336879399772,1.072110708599385,-0.6631923529652968,-0.49726541719354583,0.902790256570302,0.4728902012493114,0.4461141399053917,-0.5915724611992546
0.45390921626258857,0.3300257983582236,0.6413671055641135,0.07173132701652171,-0.5844167182310557,-0.49726541719354583,-0.7999182823442162,-0.41205052623478006,0.4461141399053917,0.03062371820505596
-1.0990768484729223,1.3243252202271591,0.33756699576296545,1.632792495094758,-0.3766996125217352,1.3161241383840576,-0.2323487693727102,-0.41205052623478006,0.4461141399053917,0.6528198976093664
1.3639741373874432,-1.6280526429632098,-0.868335656285873,1.4048498330918688,0.26146520003578444,0.40942936059525586,-0.7999182823442162,-1.2969912537188715,0.4461141399053917,-1.213768640603565
-1.098809098566388,0.24966492165185164,-1.3657773406414377,0.7128319666555766,-0.34342145275846464,-0.49726541719354583,-1.3674877953157223,0.4728902012493114,1.3496364485745396,0.3417218079072112
-1.0702648204422491,1.2981393294234254,-0.5685788450245363,0.02113788920094938,-0.9140130976238876,-0.49726541719354583,-0.2323487693727102,-1.2969912537188715,-0.45740816876375623,1.586114166715832
-1.1295704357487868,-0.6355166468155008,-0.831299776991069,1.051366044642745,1.5277811871779907,0.40942936059525586,-0.7999182823442162,0.4728902012493114,0.4461141399053917,0.6528198976093664
-1.5682273958122415,-1.096860921613886,0.08637431645962629,0.9028720937542714,0.15823032600404482,-0.49726541719354583,-0.7999182823442162,0.4728902012493114,0.4461141399053917,1.275016077013677
1.1852872000796,-1.0224123260892706,-1.4522590964590378,0.9672706532603977,0.5750239471992907,0.40942936059525586,-0.7999182823442162,-0.41205052623478006,-0.45740816876375623,1.586114166715832
-1.2889830329373069,-0.29618080408543734,0.5505820000388087,-1.6164620357418469,0.4559028442552164,-0.49726541719354583,1.470359769541808,0.4728902012493114,-1.360930477432904,1.586114166715832
-1.111916558892624,1.741365219880028,1.473138639571004,0.9223527257553586,1.5386728577098472,-0.49726541719354583,0.902790256570302,-0.41205052623478006,-1.360930477432904,1.586114166715832
0.8640742892480416,-1.2628475980812237,-0.7456486255430127,-1.0631133595739468,0.5741753573167819,-1.4039601949823475,1.470359769541808,1.357830928733403,1.3496364485745396,-1.213768640603565
1.568884167283403,-0.7035217945713902,-0.5782899178653642,-0.5028714386766098,-0.1581872841258496,-1.4039601949823475,-0.7999182823442162,-0.41205052623478006,-0.45740816876375623,-0.9026705509014097
-0.8131828756459595,0.80759274811392,0.5686299012957392,0.2976084320526392,-1.5888322351618294,-0.49726541719354583,-0.7999182823442162,-1.2969912537188715,-0.45740816876375623,-1.213768640603565
0.9675367061194022,1.4710823502161257,0.6754365046412398,1.3779776156606944,1.3635753543946192,-0.49726541719354583,0.3352207435987959,1.357830928733403,-0.45740816876375623,1.275016077013677
-0.7354281783155346,-0.49940599314559514,0.559661156905209,-0.3090844946397911,-0.37075840042201497,-0.49726541719354583,-1.3674877953157223,-0.41205052623478006,-1.360930477432904,-0.5915724611992546
1.4292313968816621,-1.0530645810182322,1.5359706106595674,-1.2381591899659274,-1.2128300450242955,0.40942936059525586,0.902790256570302,1.357830928733403,1.3496364485745396,1.275016077013677
-0.8451083957154526,0.9887659326333852,-0.7008587562746439,-0.6816765595085832,-1.6061364662264226,-1.4039601949823475,-0.7999182823442162,0.4728902012493114,-1.360930477432904,-1.213768640603565
1.4919995298579187,0.15438225018805068,-0.43210379575128877,-0.6919703044766001,-0.5271903512500052,1.3161241383840576,0.902790256570302,-0.41205052623478006,1.3496364485745396,1.275016077013677
0.2592746518726785,-1.6119199387407608,1.0087278334753764,-1.5028839144370427,-0.12186583043577194,-1.4039601949823475,0.902790256570302,-1.2969912537188715,0.4461141399053917,0.9639179873115217
1.1938460862750802,0.2900251758140079,-1.123468900874508,0.6804417403911578,1.4266745423977456,-0.49726541719354583,1.470359769541808,-1.2969912537188715,-1.360930477432904,1.275016077013677
0.9195469343532573,0.5995331668610321,-0.4482465950864845,0.04114983222540688,1.6295130093528474,-1.4039601949823475,0.3352207435987959,0.4728902012493114,-0.45740816876375623,0.03062371820505596
0.2869089107122856,-1.1333933766691402,0.28372643157532523,0.13679950980745093,1.6068717508205674,1.3161241383840576,0.3352207435987959,-1.2969912537188715,0.4461141399053917,1.275016077013677
-1.2084059617708087,-1.1757724444455897,-1.002382540040988,-0.3581635586025574,-0.0713341933613356,-0.49726541719354583,1.470359769541808,1.357830928733403,-1.360930477432904,-0.5915724611992546
-0.4909361754046731,-1.0203083392825225,1.0338267696328127,1.2947710237111982,-1.6011372122820233,-0.49726541719354583,-1.3674877953157223,1.357830928733403,-1.360930477432904,-1.213768640603565
0.1514612751581721,0.19154426451770937,-0.4678106865452808,0.5747273940929777,0.37020966571402314,-0.49726541719354583,-0.7999182823442162,1.357830928733403,-0.45740816876375623,-1.5248667303057202
1.0450308526880054,-0.29591201880118445,-0.12673576957448138,0.03825145873777819,-1.6760175968042739,1.3161241383840576,-0.2323487693727102,0.4728902012493114,0.4461141399053917,1.275016077013677
1.3445047067604823,-0.5465670914536656,-1.3422051315352335,-1.2638832368032196,-1.593078948497171,0.40942936059525586,0.902790256570302,0.4728902012493114,-1.360930477432904,1.275016077013677
0.455355630736503,-0.8638442681790661,-1.3871805752220843,-1.5440648697599246,0.6798875649433441,1.3161241383840576,-0.2323487693727102,0.4728902012493114,1.3496364485745396,-1.5248667303057202
0.48407068563876804,-1.0722935004763956,1.6040723048629022,0.4478366575023742,-1.4731733292763727,1.3161241383840576,-1.3674877953157223,-1.2969912537188715,-1.360930477432904,0.6528198976093664
-1.5782224705065493,-0.9935287343518332,1.6365515075107913,1.1284817469427286,-0.2118035644625193,-1.4039601949823475,1.470359769541808,-1.2969912537188715,-0.45740816876375623,1.275016077013677
-1.2798803542108637,1.2920671675043283,1.2528053578352962,0.8202956403702985,-1.1495341234828291,-1.4039601949823475,1.470359769541808,-1.2969912537188715,-0.45740816876375623,1.275016077013677
0.1173766001470806,-0.29031511135883625,-1.49742916196422,-1.4966842908769633,-0.25948979314182663,0.40942936059525586,-1.3674877953157223,-1.2969912537188715,1.3496364485745396,-1.213768640603565
-1.4460296683437883,0.42827077851729184,1.7498895956272456,1.437812743160954,-1.2085700249632165,-1.4039601949823475,1.470359769541808,-0.41205052623478006,-1.360930477432904,0.9639179873115217
-0.4702021297560854,-0.48557579217858937,-1.269936790864812,0.8227453193462088,1.1793434763736916,-0.49726541719354583,-0.2323487693727102,-1.2969912537188715,-0.45740816876375623,1.586114166715832
0.5565854403209726,1.2264800652409125,-1.0836259837002444,-0.7672088710566769,1.7313359573809088,-0.49726541719354583,-1.3674877953157223,0.4728902012493114,1.3496364485745396,0.3417218079072112
1.350468575891811,0.8215645449152109,-0.6956497079985234,-0.6248050278226601,-0.5797715881236571,0.40942936059525586,1.470359769541808,-1.2969912537188715,1.3496364485745396,0.9639179873115217
0.6662602105594848,0.2949089133690374,0.7871741024518332,-0.6859591035945759,1.525836683789084,-1.4039601949823475,0.3352207435987959,-0.41205052623478006,0.4461141399053917,0.3417218079072112
-0.7678997341223522,-0.14402319271930542,0.06798064160261129,1.3100083526148287,0.044223218076540206,1.3161241383840576,0.3352207435987959,-0.41205052623478006,-1.360930477432904,0.9639179873115217
0.14866331674714298,-0.35997270468218495,1.2593084855613117,-0.7224497933341512,1.0700952799492474,-0.49726541719354583,-1.3674877953157223,0.4728902012493114,1.3496364485745396,0.6528198976093664
-0.41287893428464656,0.10907357838012025,-0.19460549390056953,0.8340877368572779,-0.5338496677009757,-0.49726541719354583,-1.3674877953157223,1.357830928733403,0.4461141399053917,-1.213768640603565
0.8175521141824771,0.8401102093130687,1.5374698403837046,-0.7014280737519254,0.7239068677183951,-1.4039601949823475,0.902790256570302,-0.41205052623478006,0.4461141399053917,-0.9026705509014097
0.5108617606027772,0.639557632863361,0.04247721277960937,-1.5170196044633355,0.14111226547788264,0.40942936059525586,-1.3674877953157223,1.357830928733403,1.3496364485745396,-1.5248667303057202
-1.2552302720108062,-0.9146593206839978,0.20529342830940317,1.5960194485239247,0.565144843072369,1.3161241383840576,0.3352207435987959,1.357830928733403,-0.45740816876375623,1.275016077013677
0.9162585362028014,-0.9499117084010956,0.417507787048903,0.6128207966441687,1.2676207924711047,1.3161241383840576,1.470359769541808,0.4728902012493114,1.3496364485745396,0.9639179873115217
-1.157424985226493,-0.24495946433907465,-1.4870450364233898,0.6113711246714719,0.6267824083675785,0.40942936059525586,0.3352207435987959,-0.41205052623478006,0.4461141399053917,-0.9026705509014097
1.4898836757970788,0.36942372479758073,1.4534868941640058,-0.862744599200772,1.1710086320830175,0.40942936059525586,-0.7999182823442162,-0.41205052623478006,-1.360930477432904,0.6528198976093664
-1.2534746949777225,1.5094830556186074,0.2634424815532557,1.6133417891380135,-1.4402898503373798,-0.49726541719354583,-0.2323487693727102,1.357830928733403,-1.360930477432904,1.586114166715832
-0.3406272536079565,0.9256235471150996,0.035178745641233,-1.3526224415548935,1.323878354138482,-0.49726541719354583,-1.3674877953157223,-1.2969912537188715,-1.360930477432904,0.9639179873115217
0.5857457910369543,0.08316304672782979,1.6147883310394568,0.08000624710346739,0.6929664520085466,-1.4039601949823475,1.470359769541808,0.4728902012493114,0.4461141399053917,1.586114166715832
-0.9193903848422953,-0.9691096065359133,1.6000067718765978,-0.07863442092782622,0.5752144605071553,-1.4039601949823475,1.470359769541808,0.4728902012493114,0.4461141399053917,-0.28047437149709925
1.3138229773399197,-0.7639190525356073,1.69047556651898,-1.388746768748271,1.2940463887727367,0.40942936059525586,0.902790256570302,-1.2969912537188715,-1.360930477432904,0.3417218079072112
-0.43311426532660274,-1.5692527216876857,-1.3925751334062273,0.639988722897737,1.0703216423510622,0.40942936059525586,0.3352207435987959,1.357830928733403,-0.45740816876375623,0.6528198976093664
-1.5466567594717209,0.24754768569540841,-0.41913665968816094,1.0458387593687302,-1.0472107565507096,-0.49726541719354583,-1.3674877953157223,-1.2969912537188715,-1.360930477432904,0.3417218079072112
0.06782748706998831,-1.6495020513211025,-0.16163681676517763,0.8292047161784224,1.4234135358739828,0.40942936059525586,0.902790256570302,-1.2969912537188715,-1.360930477432904,1.586114166715832
0.48016328287981735,-1.4587423918941749,1.4322589533127215,1.0338761021620642,-1.473248187915023,-1.4039601949823475,-1.3674877953157223,1.357830928733403,-0.45740816876375623,-0.9026705509014097
-0.20120751157556035,-1.0850829632443644,-1.3072352413054467,0.07612933382657867,-1.11606353753068,0.40942936059525586,0.902790256570302,-0.41205052623478006,1.3496364485745396,0.3417218079072112
0.9145677061223368,-0.3681003678346265,-0.04923588236875353,0.287504265117518,0.46448514734143714,-0.49726541719354583,0.902790256570302,-1.2969912537188715,0.4461141399053917,-0.9026705509014097
1.3868311685159458,1.6137545136512996,0.4439916345286579,1.1495619466121465,0.6939090338281945,1.3161241383840576,-0.7999182823442162,1.357830928733403,1.3496364485745396,-0.5915724611992546
0.4810849549340737,0.17932754282251523,1.0530824385655135,0.638924324662613,-0.2371228146177208,-0.49726541719354583,1.470359769541808,0.4728902012493114,-1.360930477432904,-1.5248667303057202
0.39279644601579994,1.3112270886730006,0.9766549056839249,-0.09292107905510788,-0.7566414894537107,0.40942936059525586,0.3352207435987959,-1.2969912537188715,-1.360930477432904,-1.213768640603565
0.49719417737116095,-0.966566053726193,-0.6245253561749607,-1.456878464805668,-0.3160444019153685,0.40942936059525586,0.902790256570302,0.4728902012493114,0.4461141399053917,-1.5248667303057202
0.08237501333764838,0.01382712000344438,0.9612007741079963,-1.076769334439846,-0.3543253001728927,1.3161241383840576,0.902790256570302,-1.2969912537188715,1.3496364485745396,1.586114166715832
-1.4001932510707393,0.1627237080562145,0.8409674604860456,-1.5299472331704664,-1.3778962007817805,-0.49726541719354583,0.902790256570302,0.4728902012493114,1.3496364485745396,-1.213768640603565
-1.0861871989054828,-0.6217300206525425,-0.9462625922280591,0.6987715945843626,1.495438023311537,-1.4039601949823475,-0.7999182823442162,-0.41205052623478006,0.4461141399053917,-0.9026705509014097
1.5244346929893247,-0.15060665444226218,-1.5106380586931745,0.4858553350822105,-1.2122818529004544,0.40942936059525586,0.902790256570302,-0.41205052623478006,-1.360930477432904,-1.213768640603565
-1.2852752055720251,1.6204067796537243,-1.080469451827048,-1.5449140645087316,-0.040590648982208745,-1.4039601949823475,0.902790256570302,-0.41205052623478006,1.3496364485745396,-0.28047437149709925
1.3567637413740339,-0.771084958422718,0.0559325862558208,0.1828944473565903,1.354147031938631,-1.4039601949823475,-1.3674877953157223,-0.41205052623478006,1.3496364485745396,-1.5248667303057202
-1.4351278033331294,-0.8752819882457871,-0.8968487649179583,-0.006076969508271214,-1.1072472659799801,-0.49726541719354583,1.470359769541808,-0.41205052623478006,-0.45740816876375623,0.9639179873115217
-1.4703264537078597,-0.3970486177833414,1.5178363508333734,-0.8272339823211622,1.2029207592079731,0.40942936059525586,-0.2323487693727102,1.357830928733403,-1.360930477432904,0.9639179873115217
-0.48208567489039966,0.7910852270880914,0.2920561130677461,0.8531635591922898,-0.7460320299914129,1.3161241383840576,0.902790256570302,-0.41205052623478006,1.3496364485745396,-1.5248667303057202
0.9205708717196859,0.7653030227759329,-1.4469879358344448,-1.267537039004934,1.199868540566089,1.3161241383840576,-0.2323487693727102,-1.2969912537188715,0.4461141399053917,-0.9026705509014097
-0.8423959833926181,1.376980331144377,-1.3607599185433066,-1.3410753192045646,-0.49751656801068544,0.40942936059525586,-1.3674877953157223,1.357830928733403,-0.45740816876375623,-1.213768640603565
0.4956913863359535,-1.486921885648891,1.5050475646671604,1.5522621304480595,1.492140346564818,1.3161241383840576,0.902790256570302,-0.41205052623478006,0.4461141399053917,0.03062371820505596
0.9496346972166063,-0.16923483214360324,-1.686766611303686,-1.2566170123485705,0.2815283589434865,0.40942936059525586,-0.7999182823442162,0.4728902012493114,0.4461141399053917,1.275016077013677
0.8752308800251929,0.0033990873993163737,0.22759365888959412,-0.0876673118542459,1.0447601398927657,0.40942936059525586,1.470359769541808,-0.41205052623478006,0.4461141399053917,0.3417218079072112
-0.12810596657372572,-0.0701438466660977,1.4701767876407472,1.1467439876575354,1.6352230906865834,1.3161241383840576,0.902790256570302,0.4728902012493114,0.4461141399053917,-0.9026705509014097
-1.2537842081439898,0.837657411965879,0.684105985226501,-1.168377473620763,-0.7568103732593112,-1.4039601949823475,-0.2323487693727102,1.357830928733403,-0.45740816876375623,-1.213768640603565
0.44727980716378896,1.1562765526007028,-0.7085899543137375,-0.3839125846508231,0.31677800064922274,1.3161241383840576,0.902790256570302,-0.41205052623478006,0.4461141399053917,0.9639179873115217
0.6173831684967347,0.9346174341750735,-0.5259926529205189,0.39190963854427413,-0.5846902740837435,0.40942936059525586,-0.7999182823442162,0.4728902012493114,-0.45740816876375623,0.6528198976093664
-0.5324313897951007,-0.556118859100599,-1.595059144064347,-1.2941206290664027,-0.43611560528718224,-1.4039601949823475,1.470359769541808,-0.41205052623478006,-1.360930477432904,1.586114166715832
1.3922580322980806,0.7587767262325718,1.2579735997087187,1.6289544148136426,0.8407655034956065,1.3161241383840576,-1.3674877953157223,-1.2969912537188715,-1.360930477432904,0.6528198976093664
-0.5911558952812623,-0.8908626180253423,0.3993690823052515,-0.1686578764127072,0.8866815409929961,-1.4039601949823475,0.3352207435987959,-1.2969912537188715,0.4461141399053917,0.3417218079072112
-1.211243747245124,0.9463530613617129,-1.1106902297329568,-0.9749799609009034,0.48556331707286793,0.40942936059525586,1.470359769541808,-0.41205052623478006,-0.45740816876375623,-1.213768640603565
-1.509341105798392,-0.054389728175412794,0.2644052484366894,0.8563953417837904,-0.39928445173963373,0.40942936059525586,0.3352207435987959,-1.2969912537188715,0.4461141399053917,1.275016077013677
1.6446338373635283,-0.263514583388383,1.6715773692010136,-1.4681117850660654,-1.057565115330581,-0.49726541719354583,-1.3674877953157223,0.4728902012493114,1.3496364485745396,0.6528198976093664
-1.134067104480261,0.6412659347810802,0.8345375046584026,-0.5298900315211797,0.03631399135980721,0.40942936059525586,0.3352207435987959,1.357830928733403,-1.360930477432904,-1.213768640603565
-0.047910520741284296,-1.1996478166247937,-0.8860547850836823,-0.5736800757471534,-0.5744665164866275,-1.4039601949823475,1.470359769541808,-1.2969912537188715,-1.360930477432904,0.03062371820505596
1.5002781193165908,-1.1188657259760417,-1.2734855039670288,0.8202424630735331,1.3620391221379262,1.3161241383840576,0.902790256570302,-1.2969912537188715,1.3496364485745396,0.03062371820505596
-1.2645632058018526,-0.8703065803539431,-0.25905415028958806,-0.862769864927783,0.6066412564268129,-1.4039601949823475,-1.3674877953157223,-0.41205052623478006,0.4461141399053917,-0.9026705509014097
1.3347241305407498,1.1941675241101282,0.13170730476083367,1.1189381800184426,-1.5304643875024047,1.3161241383840576,1.470359769541808,-1.2969912537188715,0.4461141399053917,0.9639179873115217
0.7550146624874988,0.5091360787849297,1.020343919269402,1.3147389019302795,0.1891037787957928,0.40942936059525586,-0.7999182823442162,-1.2969912537188715,-0.45740816876375623,1.586114166715832
1.0300068317626867,-0.6938180756644166,-1.5276173064585734,-1.6510293131213996,-0.03780589161216272,-1.4039601949823475,0.902790256570302,0.4728902012493114,-0.45740816876375623,-0.28047437149709925
1.1598600062952389,-0.954315734619538,-0.27322674443976364,-1.0923169723358115,-1.065098928156146,-1.4039601949823475,-0.7999182823442162,1.357830928733403,1.3496364485745396,0.03062371820505596
-1.3679897145623472,1.4868003878920069,0.4141190679458523,-0.2251722027725798,0.9207967392919888,1.3161241383840576,-1.3674877953157223,1.357830928733403,-1.360930477432904,0.9639179873115217
1.4509969374631313,0.4187574202381043,-0.8902402047136814,-0.4788032597021236,0.5322980597548899,-1.4039601949823475,1.470359769541808,1.357830928733403,1.3496364485745396,-1.5248667303057202
1.5770221663135089,0.012025727780043115,1.5018911343082972,1.5878922076546444,-0.35797872753477866,1.3161241383840576,1.470359769541808,-0.41205052623478006,1.3496364485745396,-0.5915724611992546
-0.5965600908377365,-1.3881103540986794,-1.6081476174022444,1.6206969937004017,-1.5923363002411084,-0.49726541719354583,1.470359769541808,-1.2969912537188715,-0.45740816876375623,1.275016077013677
-1.1664335065477922,0.6838286213391923,-0.42378999837074816,-0.6584690510405692,-1.4171375259823704,-0.49726541719354583,0.3352207435987959,-1.2969912537188715,-1.360930477432904,0.03062371820505596
-0.9145288933469808,-0.24121104092236792,0.6829508901071708,1.0491204701904937,0.9885031440198396,-0.49726541719354583,-0.7999182823442162,0.4728902012493114,1.3496364485745396,-1.213768640603565
1.6115400942387783,-1.1111947668242335,-1.0233945652620857,1.058466834610227,0.439720000179345,0.40942936059525586,-0.2323487693727102,-0.41205052623478006,0.4461141399053917,1.586114166715832
-1.3439987369890232,0.422439715247361,-1.644661089783107,-1.4546243176914078,-0.6237341613889659,0.40942936059525586,1.470359769541808,1.357830928733403,1.3496364485745396,-0.9026705509014097
0.9241106152897659,-1.5743194727036243,1.1571638810727152,1.4908963344280934,1.3419840678365338,1.3161241383840576,0.3352207435987959,1.357830928733403,1.3496364485745396,0.3417218079072112
0.3616142420296643,-1.344173605197519,1.38113369151537,0.34292420160856374,-0.4185125612513061,-0.49726541719354583,1.470359769541808,-1.2969912537188715,-1.360930477432904,0.3417218079072112
-1.2237827486532473,0.44334711179923036,-0.5010714218129654,-0.562834735485158,0.125681101007227,-1.4039601949823475,1.470359769541808,1.357830928733403,-0.45740816876375623,-1.213768640603565
0.8078530221827939,0.19372799163014698,-1.4049239922515928,-0.6752481856188213,-1.1975592689550305,0.40942936059525586,0.3352207435987959,-0.41205052623478006,-1.360930477432904,-0.9026705509014097
-0.9342106160274072,1.1770977444964654,0.4450723796654522,1.131749405398573,0.8517398657539883,0.40942936059525586,0.902790256570302,-0.41205052623478006,-0.45740816876375623,-0.5915724611992546
-1.5316488629858076,-0.14738292838273415,0.5509930124901051,-0.9455730701769851,1.7054364874488182,1.3161241383840576,0.902790256570302,0.4728902012493114,-1.360930477432904,-0.5915724611992546
-0.8121603100319119,0.33944221063348323,0.057440837163656715,1.619254858564452,1.3895143662160268,1.3161241383840576,1.470359769541808,0.4728902012493114,-0.45740816876375623,-0.9026705509014097
0.009483918592276415,-0.23235041993764713,0.1605240804206794,-0.7285625295808187,1.060320718001831,-1.4039601949823475,0.902790256570302,1.357830928733403,-0.45740816876375623,1.586114166715832
1.6479745780144837,0.9751661549550397,0.2266813897013506,0.8766145418823575,1.424123285413703,-1.4039601949823475,0.902790256570302,0.4728902012493114,-1.360930477432904,0.6528198976093664
1.3838933051239544,-1.2408537623865967,0.2997743769842968,0.12462548010896521,1.4997740905743395,1.3161241383840576,-0.7999182823442162,-1.2969912537188715,0.4461141399053917,0.6528198976093664
0.2976661821809533,1.2947074960974552,0.6029405367021624,-0.7934628557028375,0.4058460569790185,0.40942936059525586,-1.3674877953157223,-0.41205052623478006,1.3496364485745396,-0.28047437149709925
0.04066139596773244,-0.8204397139047086,0.41483853558134864,1.7140265913173904,0.6068627829511971,1.3161241383840576,-0.2323487693727102,1.357830928733403,0.4461141399053917,-1.213768640603565
0.2409923657126446,-0.051988212074250126,1.2050748002412488,-0.9878618853789162,0.6963407266962846,1.3161241383840576,0.3352207435987959,1.357830928733403,-0.45740816876375623,-1.5248667303057202
-1.3561627306999706,0.4590592670091848,0.8095443746992625,0.543406205207335,0.5293015860733586,-1.4039601949823475,-1.3674877953157223,1.357830928733403,-1.360930477432904,1.586114166715832
1.3832695691089882,0.3656333231429088,0.1363859444109565,-0.5174148515208727,-0.9645948839820018,1.3161241383840576,-0.7999182823442162,-0.41205052623478006,1.3496364485745396,0.6528198976093664
0.4946798146863752,-1.6052186358157832,1.013089754582482,-0.939605894322894,1.102096283131469,-0.49726541719354583,-1.3674877953157223,-1.2969912537188715,0.4461141399053917,-0.28047437149709925
-0.7095318667204381,0.4313134849692619,-0.9655910241527926,1.642462679456303,-1.2004501188568488,1.3161241383840576,-0.2323487693727102,-1.2969912537188715,-0.45740816876375623,1.275016077013677
-1.2154886988029219,-0.8960332191018856,-0.8219622922748729,-1.100425647789337,-0.9653414409865456,1.3161241383840576,0.902790256570302,0.4728902012493114,1.3496364485745396,-0.9026705509014097
-1.0600328062755704,0.3478685173659261,0.7407373814217098,-0.5393254471689098,0.4699901051862879,1.3161241383840576,0.902790256570302,-0.41205052623478006,0.4461141399053917,1.586114166715832
0.11026208757184322,1.6415598209040152,-1.7107367461935359,1.6390480216297125,1.0597330379455479,0.40942936059525586,0.3352207435987959,1.357830928733403,-1.360930477432904,-1.5248667303057202
-0.847669027720224,-0.813979876063175,-1.5029705590247555,-0.05236571491923532,-0.19021363153036347,-1.4039601949823475,1.470359769541808,0.4728902012493114,-1.360930477432904,0.6528198976093664
0.40364095911497316,-0.9754641270087732,-0.112337151027213,-1.3093111157235897,-0.12620727936801776,-0.49726541719354583,1.470359769541808,-1.2969912537188715,0.4461141399053917,-0.5915724611992546
1.0156131305877991,-1.3257346509001773,1.0758245092771401,-0.7277953384634053,-0.12756641241955027,-0.49726541719354583,-0.7999182823442162,1.357830928733403,0.4461141399053917,0.3417218079072112
1.5235496135661764,-0.5380963013316894,-0.7640563703396648,-0.6708369106887301,-0.7348463609154738,-0.49726541719354583,-0.7999182823442162,-0.41205052623478006,-0.45740816876375623,1.275016077013677
1.258960686474153,-0.2034336265820395,1.73775899919371,1.468402261125356,0.5742340100183403,-1.4039601949823475,-1.3674877953157223,1.357830928733403,0.4461141399053917,0.6528198976093664
0.7679799876865009,1.7308891754363707,0.8696298343191139,0.9312598627900057,1.3859990805328979,0.40942936059525586,-1.3674877953157223,-0.41205052623478006,-0.45740816876375623,1.275016077013677
1.1271786266268489,-1.2816222310603862,0.12818894509399836,-0.04716487750299433,-1.0874175521497613,1.3161241383840576,1.470359769541808,-1.2969912537188715,-1.360930477432904,0.9639179873115217
1.3421502368080904,-0.025833208547239753,-1.3059809952885921,-1.2545307827049281,-1.4759032643691194,0.40942936059525586,-0.7999182823442162,0.4728902012493114,1.3496364485745396,1.275016077013677
-0.8654361752551786,0.7262155647312966,-1.0831569148597429,1.6540214252293615,-1.2961766221902429,0.40942936059525586,-1.3674877953157223,0.4728902012493114,-1.360930477432904,-0.28047437149709925
-0.6315780303149634,-1.4177113567810815,-1.2839285009617596,-0.8250910598130398,0.017728359349955557,-1.4039601949823475,0.902790256570302,-0.41205052623478006,-0.45740816876375623,0.9639179873115217
-0.13365519409664722,-1.1470971682563003,-0.6650719423672926,-0.21195578884741953,-0.32875043639023804,-0.49726541719354583,-1.3674877953157223,0.4728902012493114,-1.360930477432904,0.03062371820505596
-0.5290019118741791,0.446437497092015,-0.5331562734321199,0.9116015828030402,0.32165418797004935,1.3161241383840576,0.902790256570302,-1.2969912537188715,1.3496364485745396,0.9639179873115217
-1.2795316790766025,1.6945219902855027,0.10757288126318425,-0.7037732564326642,-1.1196986706551666,-0.49726541719354583,0.902790256570302,-1.2969912537188715,0.4461141399053917,0.6528198976093664
1.4055558372530392,-0.6097451081691174,-0.19780585759238495,0.9713695785173101,-0.9758810517927792,-0.49726541719354583,-0.2323487693727102,-1.2969912537188715,-1.360930477432904,1.586114166715832
-0.12168533135511111,0.7413275313065091,0.8886009627004992,-0.4407674393243035,0.9035074224210031,1.3161241383840576,1.470359769541808,1.357830928733403,-1.360930477432904,-0.28047437149709925
-0.4794490574194871,-0.18738451771702194,0.0027629149914371043,0.2409201265649929,-1.6423997012662612,1.3161241383840576,-1.3674877953157223,-0.41205052623478006,-0.45740816876375623,-0.5915724611992546
-1.538602262504094,0.9864309373221442,-1.0150290186585067,1.3521047507892814,0.7909305670918872,-1.4039601949823475,-1.3674877953157223,1.357830928733403,0.4461141399053917,-1.213768640603565
1.6595061872302068,1.6934187126040392,0.5575067387634277,1.3094650218978947,-1.166797942197749,1.3161241383840576,-0.7999182823442162,1.357830928733403,1.3496364485745396,0.9639179873115217
1.2441394188088382,-1.567451502984202,0.03373832537298148,0.7354455460153796,0.39517410989003693,-0.49726541719354583,0.3352207435987959,1.357830928733403,0.4461141399053917,0.03062371820505596
0.3350171828712263,-1.0030366392059646,-1.4235593019507706,0.27905141848932147,-0.5433742322334919,1.3161241383840576,-0.2323487693727102,-0.41205052623478006,1.3496364485745396,0.03062371820505596
-1.3847832995203904,0.8360244334265963,-1.5825203886028198,0.43173316304623716,1.682904923598113,-0.49726541719354583,0.3352207435987959,0.4728902012493114,-0.45740816876375623,0.03062371820505596
0.14839376524224449,-1.1349464121370507,-0.8693808105501383,-0.2945385186620934,-1.5257564030458068,-0.49726541719354583,-0.2323487693727102,-0.41205052623478006,1.3496364485745396,-0.9026705509014097
1.5266379513822723,-1.1851231486446707,-0.6021368407321515,-1.4701905192770635,0.02812927244374558,-1.4039601949823475,1.470359769541808,-1.2969912537188715,1.3496364485745396,-0.5915724611992546
0.030066521077845958,-0.9264296759159849,-1.0076719513360062,-0.34476262688818826,0.6284952330216879,-1.4039601949823475,-1.3674877953157223,-0.41205052623478006,0.4461141399053917,0.3417218079072112
-1.558231199102878,0.5357049976442575,-0.3299096861380603,0.3294705340942339,0.3853561525783712,-1.4039601949823475,-0.2323487693727102,-0.41205052623478006,-1.360930477432904,-0.28047437149709925
1.520461333435298,-1.1025691662424968,1.0428712145986858,-0.7251385533644693,-1.5059762811468027,1.3161241383840576,-0.7999182823442162,-0.41205052623478006,-1.360930477432904,-0.5915724611992546
-1.2804473841947097,0.7870932790035634,-1.119715859396817,-0.7341533051462997,-1.4741456702563889,-0.49726541719354583,1.470359769541808,1.357830928733403,0.4461141399053917,0.3417218079072112
1.3215950792988493,1.0089111845858896,0.6715351769138411,-0.7966985450687859,-1.1754622427148096,0.40942936059525586,0.3352207435987959,-0.41205052623478006,0.4461141399053917,0.6528198976093664
-0.6940623038039102,-1.4279877818995723,-0.5186046451752232,-0.0014153139525099681,0.21292596255511664,1.3161241383840576,-1.3674877953157223,0.4728902012493114,1.3496364485745396,0.3417218079072112
-0.3979252084030543,-1.1608718647632728,0.03148754970040908,0.7334322635809032,1.1697155775154784,-0.49726541719354583,-0.7999182823442162,1.357830928733403,-1.360930477432904,0.6528198976093664
-0.4202842834469382,0.9555210848906137,0.09485213753267761,1.4410467466506318,-0.09264070269755915,-0.49726541719354583,0.902790256570302,0.4728902012493114,-0.45740816876375623,-1.213768640603565
0.6594182559179727,-0.9102377690593745,1.1368594940487338,-1.3370606069858884,1.162109634278382,-1.4039601949823475,0.3352207435987959,1.357830928733403,1.3496364485745396,0.03062371820505596
0.308057209504038,-1.2577193075135364,1.6828367749502855,0.694058957821099,-0.6717254784536539,-0.49726541719354583,-0.2323487693727102,-0.41205052623478006,-1.360930477432904,-0.9026705509014097
-0.5167948986806143,0.006483874001628619,-0.2271454506894762,-0.8573350320123108,-0.9261340031495792,-1.4039601949823475,0.902790256570302,0.4728902012493114,0.4461141399053917,-0.28047437149709925
0.08797684725314815,-0.331944481441515,0.5772900842332555,-1.5826766917971746,-1.6979633045647187,-0.49726541719354583,-0.7999182823442162,1.357830928733403,0.4461141399053917,-0.5915724611992546
0.9974247319136584,-0.9791330388926962,-1.3088611038204798,0.5157928785448018,1.2862638906252342,-0.49726541719354583,-0.7999182823442162,1.357830928733403,-1.360930477432904,0.9639179873115217
